,Time,Returns_BVSP
0,2012-10-02,-0.005875783995634265
1,2012-10-03,-0.010097753154242994
2,2012-10-04,-0.002886793651867947
3,2012-10-05,0.001948219021752351
4,2012-10-08,0.012639176135346375
5,2012-10-09,-0.006392932069255508
6,2012-10-10,-0.008228676270185531
7,2012-10-11,0.012005109408349313
8,2012-10-15,0.007409686657991799
9,2012-10-16,0.002379636804054286
10,2012-10-17,0.00572474462789252
11,2012-10-18,-0.005892139462478241
12,2012-10-19,-0.013686837175095334
13,2012-10-22,-0.003774808515579764
14,2012-10-23,-0.01735587856525278
15,2012-10-24,-0.009212000608588511
16,2012-10-25,0.011756861625231707
17,2012-10-26,-0.009729562306310058
18,2012-10-29,-0.0017474273585165179
19,2012-10-30,0.008828119079208108
20,2012-10-31,-0.01073629944725596
21,2012-11-01,0.022781212314569643
22,2012-11-05,-0.002967590283493138
23,2012-11-06,0.021229838115955246
24,2012-11-07,-0.015969689086695382
25,2012-11-08,-0.017115058288769802
26,2012-11-09,-0.002889923844142217
27,2012-11-12,-0.005138883204255151
28,2012-11-13,0.007367994921054333
29,2012-11-14,-0.021219976109811967
30,2012-11-16,-0.01570576960233616
31,2012-11-19,0.01875731104597378
32,2012-11-21,-0.003709196482848398
33,2012-11-22,0.003461163032495662
34,2012-11-23,0.019946105126059877
35,2012-11-26,-0.014644521676340005
36,2012-11-27,-0.008656070333124433
37,2012-11-28,0.0051601806186134525
38,2012-11-29,0.022974645033725594
39,2012-11-30,-0.0065552398999528805
40,2012-12-03,0.012569647758876812
41,2012-12-04,-0.011039718219681305
42,2012-12-05,0.0020131556060647426
43,2012-12-06,-0.0003988381723658563
44,2012-12-07,0.01431018969843123
45,2012-12-10,0.01292751685068616
46,2012-12-11,0.006309381497731081
47,2012-12-12,-0.00250216340862508
48,2012-12-13,-0.0026432994320053638
49,2012-12-14,0.004843520341607288
50,2012-12-17,-0.0006377337174487963
51,2012-12-18,0.014896799623079104
52,2012-12-19,0.00884254767496806
53,2012-12-20,0.00454717239988689
54,2012-12-21,-0.004399637462526584
55,2012-12-26,-0.0007707003095323017
56,2012-12-27,-0.0089639408553559
57,2012-12-28,0.008832698647672999
58,2013-01-02,0.025879567742212117
59,2013-01-03,0.012108647730148192
60,2013-01-04,-0.012540395596106535
61,2013-01-07,-0.009481333481142329
62,2013-01-08,-0.013083129220554213
63,2013-01-09,0.007350876980584786
64,2013-01-10,0.0016063999819770913
65,2013-01-11,-0.002938910172966658
66,2013-01-14,0.009451590857787906
67,2013-01-15,-0.005702347269330943
68,2013-01-16,0.0009553496253484894
69,2013-01-17,0.0065655457211022394
70,2013-01-18,-0.0038340763842565906
71,2013-01-21,-0.0009042759949622337
72,2013-01-22,-0.0033659168291819697
73,2013-01-23,0.004431584667750954
74,2013-01-24,-0.012928974274645455
75,2013-01-28,-0.01886241225200891
76,2013-01-29,0.0062939767529819335
77,2013-01-30,-0.017855380288064993
78,2013-01-31,0.007120216818245595
79,2013-02-01,0.009824243128917942
80,2013-02-04,-0.01292470900620124
81,2013-02-05,-0.002201293097835233
82,2013-02-06,-0.008344924942594645
83,2013-02-07,-0.00987026756241427
84,2013-02-08,0.002156242813699194
85,2013-02-13,-0.0015739413363551336
86,2013-02-14,-0.005648907992922503
87,2013-02-15,-0.003000519581741301
88,2013-02-18,-0.005003602983995492
89,2013-02-19,-0.005220671749007977
90,2013-02-20,-0.0200197007903693
91,2013-02-21,-0.0004094967698069496
92,2013-02-22,0.009605574866009547
93,2013-02-25,-0.0013943434284833245
94,2013-02-26,0.0058291746239884645
95,2013-02-27,0.0056906380860048955
96,2013-02-28,0.002615565842731371
97,2013-03-01,-0.00944822789480071
98,2013-03-04,-0.00679116762973031
99,2013-03-05,-0.009746631181524634
100,2013-03-06,0.03493168464200913
101,2013-03-07,0.015532863005383035
102,2013-03-08,-0.007060056610338705
103,2013-03-11,0.0019148905644392755
104,2013-03-12,-0.005755707343443106
105,2013-03-13,-0.014239610819785753
106,2013-03-14,-0.0018313905369016226
107,2013-03-15,-0.007218603399874013
108,2013-03-18,0.001827094199533974
109,2013-03-19,-0.010800041446946906
110,2013-03-20,-0.005890168376078364
111,2013-03-21,-0.008117814970054482
112,2013-03-22,-0.0060278110685771935
113,2013-03-25,-0.0067202112766615585
114,2013-03-26,0.01443794076841165
115,2013-03-27,0.006499284325323984
116,2013-03-28,0.005659082958160866
117,2013-04-01,-0.008017574617452894
118,2013-04-02,-0.018287193555190484
119,2013-04-03,0.012204547967622048
120,2013-04-04,-0.01660489467922588
121,2013-04-05,0.007347410878422167
122,2013-04-08,0.0007444867471146921
123,2013-04-09,0.014774511119743039
124,2013-04-10,0.0049063872409984555
125,2013-04-11,-0.014087769283982254
126,2013-04-12,-0.007937412554626988
127,2013-04-15,-0.03731215952980271
128,2013-04-16,0.019469293959760492
129,2013-04-17,-0.020754349696357366
130,2013-04-18,0.005356077982401786
131,2013-04-19,0.014249272328836327
132,2013-04-22,0.006819027226979912
133,2013-04-23,0.010752693290243087
134,2013-04-24,0.001802146680024208
135,2013-04-25,-0.00038200224208573275
136,2013-04-26,-0.013020373476749114
137,2013-04-29,0.011636668203630407
138,2013-04-30,0.018466728734454207
139,2013-05-02,-0.01057259560556112
140,2013-05-03,0.0029961217250846772
141,2013-05-06,-0.0010458177263625856
142,2013-05-07,0.015129423361081251
143,2013-05-08,-0.008386915685116847
144,2013-05-09,-0.006417826491995626
145,2013-05-10,-0.006150748433331188
146,2013-05-13,-0.01204877842380192
147,2013-05-14,0.004014118939924316
148,2013-05-15,0.004908634619901875
149,2013-05-16,-0.0029714995112204434
150,2013-05-17,0.007113194804935219
151,2013-05-20,0.009687533481352872
152,2013-05-21,0.010074572108516477
153,2013-05-22,0.0029105385517151916
154,2013-05-23,-0.0014009702678894342
155,2013-05-24,0.0009932953386826426
156,2013-05-27,-0.0001773018213544475
157,2013-05-28,-0.006403892669245792
158,2013-05-29,-0.02531963831116002
159,2013-05-31,-0.020880905876325073
160,2013-06-03,0.008152674285897277
161,2013-06-04,0.001370852922114807
162,2013-06-05,-0.022825073215472003
163,2013-06-06,0.0016274936410933805
164,2013-06-07,-0.024229923013498578
165,2013-06-10,-0.005867740469755134
166,2013-06-11,-0.030609688426300963
167,2013-06-12,-0.011905022820247524
168,2013-06-13,0.02478137979496431
169,2013-06-14,-0.021715792141437262
170,2013-06-17,-0.004937980588874069
171,2013-06-18,0.007630371660319213
172,2013-06-19,-0.03229599282454032
173,2013-06-20,0.006680079363141189
174,2013-06-21,-0.024311053502147573
175,2013-06-24,-0.02345814449592254
176,2013-06-25,0.019988173265726772
177,2013-06-26,0.005932085646279006
178,2013-06-27,0.009221322767359652
179,2013-06-28,-0.0031977811105310394
180,2013-07-01,-0.004794753976526067
181,2013-07-02,-0.04329080988223133
182,2013-07-03,-0.004098684191015778
183,2013-07-04,0.015836114528397616
184,2013-07-05,-0.01215760305666258
185,2013-07-08,-0.00296834721641126
186,2013-07-10,0.008988675677452207
187,2013-07-11,0.024819695687606114
188,2013-07-12,-0.023720987657593895
189,2013-07-15,0.026141596133477663
190,2013-07-16,0.002777542166830571
191,2013-07-17,0.0114134210245318
192,2013-07-18,0.005259626700460984
193,2013-07-19,-0.005407295121836242
194,2013-07-22,0.02446617962899822
195,2013-07-23,0.0050516566347837966
196,2013-07-24,-0.009177585663158183
197,2013-07-25,0.014224231780195495
198,2013-07-26,0.007208958105316299
199,2013-07-29,-0.004258172989244358
200,2013-07-30,-0.013296164133356214
201,2013-07-31,-0.006777165490687409
202,2013-08-01,0.018629550332445177
203,2013-08-02,-0.013666145180698308
204,2013-08-05,-0.0007842328335065929
205,2013-08-06,-0.021157082847334863
206,2013-08-07,0.0005270425656167532
207,2013-08-08,0.030756969122291977
208,2013-08-09,0.01914960747733474
209,2013-08-12,0.0084653209823351
210,2013-08-13,0.005986142751623902
211,2013-08-14,0.005812996062800835
212,2013-08-15,0.00023574712301233092
213,2013-08-16,0.012318720500291036
214,2013-08-19,0.0006788669002784076
215,2013-08-20,-0.02090572899368226
216,2013-08-21,-0.0020215640307821303
217,2013-08-22,0.019508884692344353
218,2013-08-23,0.015425760774439468
219,2013-08-26,-0.014822806279235934
220,2013-08-27,-0.026340900991666416
221,2013-08-28,-0.004501853359881736
222,2013-08-29,0.0011023260192857265
223,2013-08-30,0.0017212052683195367
224,2013-09-02,0.035882604145564656
225,2013-09-03,-0.004040175221435405
226,2013-09-04,0.0017417898386664632
227,2013-09-05,0.012222929587975884
228,2013-09-06,0.026334921203257977
229,2013-09-09,0.009314795916928631
230,2013-09-10,-0.005044776061977174
231,2013-09-11,-0.007605872145623138
232,2013-09-12,-0.004921555261820032
233,2013-09-13,0.00916863712450322
234,2013-09-16,0.00044601375948438715
235,2013-09-17,0.00830770877709952
236,2013-09-18,0.026043991154800494
237,2013-09-19,-0.010956887204539356
238,2013-09-20,-0.018058106587751865
239,2013-09-23,0.009051500461980666
240,2013-09-24,-0.0031366676180830666
241,2013-09-25,-0.0031281076550548903
242,2013-09-26,-0.008848304739681012
243,2013-09-27,-0.000818437202731559
244,2013-09-30,-0.026416310221938133
245,2013-10-01,0.01594089689726097
246,2013-10-02,-0.0014866533285040617
247,2013-10-03,-0.011554252983685842
248,2013-10-04,0.006816115397150213
249,2013-10-07,-0.008207824468660974
250,2013-10-08,-0.0020051759337214037
251,2013-10-09,0.0045012473482852755
252,2013-10-10,0.00850827056922121
253,2013-10-11,0.002882796611475058
254,2013-10-14,0.01902760511389623
255,2013-10-15,0.014841961101996759
256,2013-10-16,0.017881760605915176
257,2013-10-17,-0.011048248120582471
258,2013-10-18,0.00036121948088130296
259,2013-10-21,0.012543343318229816
260,2013-10-22,0.006806676537049583
261,2013-10-23,-0.018231067943695223
262,2013-10-24,-0.01020703768122111
263,2013-10-25,-0.01326247759886634
264,2013-10-28,0.016827738310359663
265,2013-10-29,-0.009743535829418448
266,2013-10-30,-0.0067334127388658516
267,2013-10-31,0.0015309560396463695
268,2013-11-01,-0.004488827051670086
269,2013-11-04,0.00781931139392178
270,2013-11-05,-0.011175983839518011
271,2013-11-06,-0.008338278255751064
272,2013-11-07,-0.012136665944417757
273,2013-11-08,-0.009372389780056167
274,2013-11-11,0.0071515375409099136
275,2013-11-12,-0.015704923085360534
276,2013-11-13,0.008189676086866271
277,2013-11-14,0.02312701247060822
278,2013-11-18,0.01586907715628172
279,2013-11-19,-0.023738770774340168
280,2013-11-21,-0.006526635666748604
281,2013-11-22,0.002142404292799327
282,2013-11-25,-0.010222332388357458
283,2013-11-26,-0.015755645996330614
284,2013-11-27,0.008014911066640096
285,2013-11-28,-0.0002699888163899544
286,2013-11-29,0.012173179873403939
287,2013-12-02,-0.02385220138224753
288,2013-12-03,-0.017639294289374163
289,2013-12-04,-0.002645056978920479
290,2013-12-05,0.011326405192313871
291,2013-12-06,0.0030668840143732723
292,2013-12-09,0.004328714316800486
293,2013-12-10,-0.0033673361366695076
294,2013-12-11,-0.018306286936272897
295,2013-12-12,0.0010779519957875294
296,2013-12-13,-0.0014175478799529628
297,2013-12-16,0.004564898140435147
298,2013-12-17,-0.0037859963525210816
299,2013-12-18,0.009398696151837527
300,2013-12-19,0.005050216884649572
301,2013-12-20,0.007195756748600957
302,2013-12-23,0.0033157175742246636
303,2013-12-26,-0.002632170524456967
304,2013-12-27,0.0008976661285000631
305,2013-12-30,0.004670450430303674
306,2014-01-02,-0.022897866334766093
307,2014-01-03,0.012633159862673438
308,2014-01-06,-0.00013731548253659298
309,2014-01-07,-0.01072946271992059
310,2014-01-08,0.0029106914131382666
311,2014-01-09,-0.025126698527413893
312,2014-01-10,0.007554217991916801
313,2014-01-13,-0.0054276133767530155
314,2014-01-14,0.005568459864376152
315,2014-01-15,0.008055510056392379
316,2014-01-16,-0.008196356544015515
317,2014-01-17,-0.010396744067326935
318,2014-01-20,-0.009684415254188394
319,2014-01-21,-0.003413885063693556
320,2014-01-22,0.015494678467577572
321,2014-01-23,-0.020057832271993092
322,2014-01-24,-0.011112612796040366
323,2014-01-27,-0.0018012739454782434
324,2014-01-28,0.002930650398811352
325,2014-01-29,-0.005954020817867445
326,2014-01-30,-0.006603329866475605
327,2014-01-31,0.008326091753124487
328,2014-02-03,-0.031798130437682204
329,2014-02-04,0.017527727702921325
330,2014-02-05,-0.007265920755170185
331,2014-02-06,0.023612296430048474
332,2014-02-07,0.007013763983627186
333,2014-02-10,-0.0075795111516470115
334,2014-02-11,0.01563864092461209
335,2014-02-12,-0.00508896423044547
336,2014-02-13,-0.008414086920573993
337,2014-02-14,0.008082198680892105
338,2014-02-17,-0.01305133532501479
339,2014-02-18,-0.02072789127269381
340,2014-02-19,0.011754676630703287
341,2014-02-20,0.0029224925502120414
342,2014-02-21,0.0019224884181241464
343,2014-02-24,0.0002954396796983616
344,2014-02-25,-0.014408919994018277
345,2014-02-26,-0.0025076367424397006
346,2014-02-27,0.021400727574935274
347,2014-02-28,-0.01083420487608322
348,2014-03-05,-0.010781142607818595
349,2014-03-06,0.010759908254881267
350,2014-03-07,-0.018192644206719066
351,2014-03-10,-0.015494388015508065
352,2014-03-11,0.0036171954687862495
353,2014-03-12,0.0035823542024431276
354,2014-03-13,-0.009156088761137937
355,2014-03-14,-0.010574150068848098
356,2014-03-17,0.00337463132742144
357,2014-03-18,0.022637349220243408
358,2014-03-19,0.008973506578845658
359,2014-03-20,0.015174086516628549
360,2014-03-21,0.0021550821778415497
361,2014-03-24,0.01283386248005236
362,2014-03-25,0.0038888302468826907
363,2014-03-26,-0.004451570598751786
364,2014-03-27,0.03444553911694115
365,2014-03-28,0.0024342415078031365
366,2014-03-31,0.012916542632460448
367,2014-04-01,-0.0028802721406950837
368,2014-04-02,0.028068645982607165
369,2014-04-03,-0.0056833213135885075
370,2014-04-04,-0.006361617707856482
371,2014-04-07,0.020787869462289166
372,2014-04-08,-0.010136524008107273
373,2014-04-09,-0.008637009748094115
374,2014-04-10,-0.0011142280237521618
375,2014-04-11,0.01435045744276664
376,2014-04-14,-0.0052192185282837755
377,2014-04-15,-0.02240150118364781
378,2014-04-16,0.014697033025912631
379,2014-04-17,0.01761699580689502
380,2014-04-22,-0.0025747458694045378
381,2014-04-23,-0.00786120497935272
382,2014-04-24,0.0047781726897309085
383,2014-04-25,-0.00809956373365317
384,2014-04-28,-0.0002918770634536827
385,2014-04-29,0.008815921779014246
386,2014-04-30,-0.004097970283622132
387,2014-05-02,0.025869692393040822
388,2014-05-05,0.00875731453115236
389,2014-05-06,0.006229852465642338
390,2014-05-07,0.005063395867011877
391,2014-05-08,-0.011742400565381672
392,2014-05-09,-0.006045717894455294
393,2014-05-12,0.017788118459836966
394,2014-05-13,-0.0027047070953045704
395,2014-05-14,0.009342756288782894
396,2014-05-15,-0.010289277892812976
397,2014-05-16,0.0022256853167288426
398,2014-05-19,-0.011609294730979158
399,2014-05-20,-0.018672682826464282
400,2014-05-21,-0.0031175612661300534
401,2014-05-22,0.0114848561181784
402,2014-05-23,-0.0034145264224303418
403,2014-05-26,0.0058166686985803295
404,2014-05-27,-0.014442676383659148
405,2014-05-28,0.008892000504841846
406,2014-05-29,-0.007646944651707344
407,2014-05-30,-0.019328381530383965
408,2014-06-02,0.007136983962427124
409,2014-06-03,0.008220969127947342
410,2014-06-04,-0.003831901863010856
411,2014-06-05,-0.005300229059182371
412,2014-06-06,0.029996135524616108
413,2014-06-09,0.021303947179465155
414,2014-06-10,0.006080274433497124
415,2014-06-11,0.009078873000047949
416,2014-06-13,-0.005368090118235358
417,2014-06-16,-0.003234740614917797
418,2014-06-17,-0.006058955467736382
419,2014-06-18,0.016474957570860482
420,2014-06-20,-0.01026957313921173
421,2014-06-23,-0.007864218099291165
422,2014-06-24,0.0013088645166146051
423,2014-06-25,-0.015876738930094447
424,2014-06-26,0.0015149676057362171
425,2014-06-27,-0.00656268762046075
426,2014-06-30,0.00020691276819562177
427,2014-07-01,7.523039311507773e-05
428,2014-07-02,-0.002693008284726517
429,2014-07-03,0.01582761470328542
430,2014-07-04,0.0033539978259611303
431,2014-07-07,-0.0047099050519072705
432,2014-07-08,-0.0031274458641945557
433,2014-07-10,0.01772247406990246
434,2014-07-11,0.0035290174585842493
435,2014-07-14,0.017335094367780357
436,2014-07-15,0.0041175159768407354
437,2014-07-16,-0.004601990376462695
438,2014-07-17,-0.0014188857842718505
439,2014-07-18,0.024412890959796485
440,2014-07-21,0.010833359328280778
441,2014-07-22,0.006037192800711466
442,2014-07-23,-0.009757189442014536
443,2014-07-24,0.009670953552307182
444,2014-07-25,-0.0027115967529685037
445,2014-07-28,-0.002164184471350694
446,2014-07-29,-0.010051036145627634
447,2014-07-30,-0.00422818774250544
448,2014-07-31,-0.018615175488022828
449,2014-08-01,0.0013245983392362604
450,2014-08-04,0.012673584789496317
451,2014-08-05,-0.007339287318433918
452,2014-08-06,0.005058179727351231
453,2014-08-07,-0.005307312213737703
454,2014-08-08,-0.01100573917037373
455,2014-08-11,0.01854116901677827
456,2014-08-12,-0.0030250785971972505
457,2014-08-13,-0.01537214598188541
458,2014-08-14,0.003573965963358461
459,2014-08-15,0.021004107157837737
460,2014-08-18,0.010425765686891353
461,2014-08-19,0.015309324087787957
462,2014-08-20,0.007312927320551665
463,2014-08-21,0.0019343350393761227
464,2014-08-22,-0.009966095826905885
465,2014-08-25,0.022482367604304443
466,2014-08-26,0.0014386566100093034
467,2014-08-27,0.0187134928043875
468,2014-08-28,-0.010887423821232645
469,2014-08-29,0.016401226352169118
470,2014-09-01,-0.0024013929811061985
471,2014-09-02,0.01227288501373991
472,2014-09-03,-0.0009536664345262125
473,2014-09-04,-0.0169121018405054
474,2014-09-05,-0.0019426752458944208
475,2014-09-08,-0.024843822070794275
476,2014-09-09,-0.008772507029917165
477,2014-09-10,-0.008162612166323413
478,2014-09-11,0.002368367963640594
479,2014-09-12,-0.024449228939408485
480,2014-09-15,0.01777600189805284
481,2014-09-16,0.019921385933599822
482,2014-09-17,-0.00011842027369013408
483,2014-09-18,-0.012478563052326308
484,2014-09-19,-0.010089269840930726
485,2014-09-22,-0.016945269215218772
486,2014-09-23,-0.004887138230310839
487,2014-09-24,0.004992732992908699
488,2014-09-25,-0.01528588272272735
489,2014-09-26,0.022090777619871105
490,2014-09-29,-0.04627201317689966
491,2014-09-30,-0.009361762674640062
492,2014-10-01,-0.02352081807342188
493,2014-10-02,0.012427658373836081
494,2014-10-03,0.0188976463759154
495,2014-10-06,0.04614991015060532
496,2014-10-07,0.005586996864082039
497,2014-10-08,-0.006585464212195191
498,2014-10-09,0.0036561832781458747
499,2014-10-10,-0.034770199741718244
500,2014-10-13,0.04671229820211309
501,2014-10-14,0.001017495841033167
502,2014-10-15,-0.032942093888765456
503,2014-10-16,-0.033272110061707494
504,2014-10-17,0.02592353999494179
505,2014-10-20,-0.025831459811453072
506,2014-10-21,-0.03506238207606671
507,2014-10-22,-0.00040059899622946205
508,2014-10-23,-0.03293420497417188
509,2014-10-24,0.023926171047421008
510,2014-10-27,-0.02805591796815321
511,2014-10-28,0.03551727931879256
512,2014-10-29,-0.024783864603891814
513,2014-10-30,0.02491762213989368
514,2014-10-31,0.042861299359325145
515,2014-11-03,-0.012562794164988844
516,2014-11-04,0.008067909839304832
517,2014-11-05,-0.01269423608037279
518,2014-11-06,-0.0199564623618258
519,2014-11-07,0.011071339235058986
520,2014-11-10,-0.009400907381781565
521,2014-11-11,-0.004771917533387793
522,2014-11-12,0.009577799787148678
523,2014-11-13,-0.021617822531283082
524,2014-11-14,-0.0014283235071257394
525,2014-11-17,-0.009997268522750957
526,2014-11-18,0.015583121981967096
527,2014-11-19,0.02541288240890971
528,2014-11-21,0.0490023684105676
529,2014-11-24,-0.012144627297001165
530,2014-11-25,0.002775576722402917
531,2014-11-26,-0.008368098424845982
532,2014-11-27,-0.006865869858327045
533,2014-11-28,-0.0010421905226358774
534,2014-12-01,-0.044648853689523094
535,2014-12-02,-0.012802300199354022
536,2014-12-03,0.013624503559343637
537,2014-12-04,-0.017215380776487876
538,2014-12-05,0.010926534219592554
539,2014-12-08,-0.03360181573284393
540,2014-12-09,-0.0016124701155693089
541,2014-12-10,-0.012933678051682662
542,2014-12-11,0.0062972373595773234
543,2014-12-12,-0.03799645734500423
544,2014-12-15,-0.020690901366485548
545,2014-12-16,-0.0002339753485731677
546,2014-12-17,0.03564866311689663
547,2014-12-18,-0.004485142792916008
548,2014-12-19,0.02353721095981598
549,2014-12-22,0.00942155066848649
550,2014-12-23,0.015226358656990513
551,2014-12-26,-0.01474763206056906
552,2014-12-29,0.008914183647332763
553,2014-12-30,-0.01166999655844414
554,2015-01-02,-0.03035180560915407
555,2015-01-05,-0.020723648271513184
556,2015-01-06,0.010134302275821128
557,2015-01-07,0.030003071304419038
558,2015-01-08,0.009657439805241808
559,2015-01-09,-0.022332705891370708
560,2015-01-12,-0.014436216887578013
561,2015-01-13,-0.0020378040363748795
562,2015-01-14,-0.00827694717742311
563,2015-01-15,0.007943849784995294
564,2015-01-16,0.020424645790672713
565,2015-01-19,-0.02602058455617673
566,2015-01-20,0.002488629924538799
567,2015-01-21,0.02774608735303019
568,2015-01-22,0.004439181481963317
569,2015-01-23,-0.013602604410976937
570,2015-01-26,-0.004067718650144769
571,2015-01-27,0.00028816071333892523
572,2015-01-28,-0.018611757975197207
573,2015-01-29,0.0014037736572980464
574,2015-01-30,-0.018042107655650952
575,2015-02-02,0.015715379640047544
576,2015-02-03,0.027181717974398723
577,2015-02-04,0.006859030605321337
578,2015-02-05,-0.0013599230796312867
579,2015-02-06,-0.009018076744800041
580,2015-02-09,0.012039870418902865
581,2015-02-10,-0.017836273155932503
582,2015-02-11,-0.005581409838194773
583,2015-02-12,0.02645056169887461
584,2015-02-13,0.02202367165677721
585,2015-02-18,0.012638026837832328
586,2015-02-19,0.0002729736597366639
587,2015-02-20,-0.001092342011631331
588,2015-02-23,0.0008388689417877515
589,2015-02-24,0.011497388054314328
590,2015-02-25,-0.001215219323006167
591,2015-02-26,-0.0009655119894222963
592,2015-02-27,-0.0034448091040175655
593,2015-03-02,-0.010954848161789599
594,2015-03-03,0.005531409168174406
595,2015-03-04,-0.016429249781065636
596,2015-03-05,-0.0020429826708507903
597,2015-03-06,-0.007653556184793686
598,2015-03-09,-0.01613556315963649
599,2015-03-10,-0.018220747430929052
600,2015-03-11,0.012613465721090122
601,2015-03-12,-0.0005317734770358129
602,2015-03-13,-0.005827091870843404
603,2015-03-16,0.00517221300002646
604,2015-03-17,0.0289933859039202
605,2015-03-18,0.024379712746087634
606,2015-03-19,-0.011163269713904356
607,2015-03-20,0.01968563681460722
608,2015-03-23,-0.0011359808682502859
609,2015-03-24,-0.007774615137087437
610,2015-03-25,0.006810908260661108
611,2015-03-26,-0.024952972756738134
612,2015-03-27,-0.00963503853059322
613,2015-03-30,0.02265782061280852
614,2015-03-31,-0.0018165309263977747
615,2015-04-01,0.022654440320394542
616,2015-04-02,0.01519304675905886
617,2015-04-06,0.011491797812606563
618,2015-04-07,-0.0001488842985644112
619,2015-04-08,-0.0012664123119137116
620,2015-04-09,0.0026427470156580313
621,2015-04-10,0.0076099499793809144
622,2015-04-13,0.00047946595788239676
623,2015-04-14,-0.004767985969102995
624,2015-04-15,0.017208714767974698
625,2015-04-16,-0.0044710959302740605
626,2015-04-17,-0.013237910685040433
627,2015-04-20,-0.0036020685833264565
628,2015-04-22,0.0157968923688383
629,2015-04-23,0.019365621243855102
630,2015-04-24,0.016192161677789585
631,2015-04-27,-0.018889519903769525
632,2015-04-28,0.004975447410876299
633,2015-04-29,-0.008764014092847106
634,2015-04-30,0.016207752107844087
635,2015-05-04,0.019809950264724208
636,2015-05-05,0.01209657229843586
637,2015-05-06,-0.016482505921745272
638,2015-05-07,-0.0031923131018274375
639,2015-05-08,0.003997550690414187
640,2015-05-11,0.0008395571829247217
641,2015-05-12,-0.007105978720797879
642,2015-05-13,-0.007422889407820321
643,2015-05-14,0.005042964265765448
644,2015-05-15,0.010394629437856295
645,2015-05-18,-0.018422246288793076
646,2015-05-19,-0.012622926172049631
647,2015-05-20,-0.010833439286201951
648,2015-05-21,0.00383591500505176
649,2015-05-22,-0.013426207949276403
650,2015-05-25,0.004257433990254356
651,2015-05-26,-0.018090091337038317
652,2015-05-27,0.011236281605230047
653,2015-05-28,-0.004805391274938842
654,2015-05-29,-0.022786175476010584
655,2015-06-01,0.0051233203727409915
656,2015-06-02,0.022468246378208434
657,2015-06-03,-0.013233426539388304
658,2015-06-05,-0.010329118276384719
659,2015-06-08,-0.0030817830654488176
660,2015-06-09,0.00011360839199525685
661,2015-06-10,0.01987093462573064
662,2015-06-11,-0.003476970917899891
663,2015-06-12,-0.006371650058520473
664,2015-06-15,-0.003944185568814262
665,2015-06-16,0.010557941577806318
666,2015-06-17,-0.008471219698661159
667,2015-06-18,0.018421181813534915
668,2015-06-19,-0.009075144700473103
669,2015-06-22,0.0021372890594406613
670,2015-06-23,-0.0017094656509737405
671,2015-06-24,0.001319518845916079
672,2015-06-25,-0.012465237698641829
673,2015-06-26,0.01569164509602139
674,2015-06-29,-0.018742782221503163
675,2015-06-30,0.0012630191603122398
676,2015-07-01,-0.006103629149190937
677,2015-07-02,0.006574496589873746
678,2015-07-03,-0.011114907327044676
679,2015-07-06,-0.007070003080237086
680,2015-07-07,0.0037323117599257216
681,2015-07-08,-0.010794719038251799
682,2015-07-10,0.01550240391314972
683,2015-07-13,0.009989677247439488
684,2015-07-14,0.0022565307907118637
685,2015-07-15,-0.0063500651475418834
686,2015-07-16,0.0031706515068581353
687,2015-07-17,-0.013812688775074022
688,2015-07-20,-0.014277435577213282
689,2015-07-21,-0.0024448466686326498
690,2015-07-22,-0.010899609810696376
691,2015-07-23,-0.022021679606531563
692,2015-07-24,-0.011327390356052902
693,2015-07-27,-0.010410169332851993
694,2015-07-28,0.01761317878584201
695,2015-07-29,0.012879884002328978
696,2015-07-30,-0.006950158791223515
697,2015-07-31,0.019214183536012897
698,2015-08-03,-0.014395860623848122
699,2015-08-04,-0.0015968704738700268
700,2015-08-05,0.004564261249747403
701,2015-08-06,-0.005503613166045085
702,2015-08-07,-0.02909281337266556
703,2015-08-10,0.015848386446362994
704,2015-08-11,-0.0057099469334982444
705,2015-08-12,-0.014036758274292183
706,2015-08-13,-0.007842526554753704
707,2015-08-14,-0.01051120463085553
708,2015-08-17,-0.006144120674420606
709,2015-08-18,0.004943602411888293
710,2015-08-19,-0.018354602409056398
711,2015-08-20,0.0013084935959657429
712,2015-08-21,-0.0201156519097605
713,2015-08-24,-0.030738850805986928
714,2015-08-25,0.004702926051983525
715,2015-08-26,0.03296722825097653
716,2015-08-27,0.03577867144563385
717,2015-08-28,-0.011826972757123855
718,2015-08-31,-0.011260515656932313
719,2015-09-01,-0.02495162180916921
720,2015-09-02,0.021471115556339626
721,2015-09-03,0.019226852538210437
722,2015-09-04,-0.018495370824908264
723,2015-09-08,0.005661606373212891
724,2015-09-09,-0.002247937661838506
725,2015-09-10,-0.003284639227958408
726,2015-09-11,-0.0022173196749371016
727,2015-09-14,0.01880866266349379
728,2015-09-15,0.0017327730811036446
729,2015-09-16,0.02479353832662312
730,2015-09-17,-4.119294777282789e-05
731,2015-09-18,-0.026865885498590814
732,2015-09-21,-0.014362980520264301
733,2015-09-22,-0.007000190127710582
734,2015-09-23,-0.020196090621611873
735,2015-09-24,-0.001059228627589448
736,2015-09-25,-0.010230552042042262
737,2015-09-28,-0.019687981061100146
738,2015-09-29,0.003973259549409747
739,2015-09-30,0.020787599227732656
740,2015-10-01,0.00562122491098016
741,2015-10-02,0.037255515956553964
742,2015-10-05,0.011941260554593214
743,2015-10-06,0.0028741379020758018
744,2015-10-07,0.02439877262372292
745,2015-10-08,0.003937936756608806
746,2015-10-09,0.004692984386485577
747,2015-10-13,-0.04085324205265195
748,2015-10-14,-0.013883058650144164
749,2015-10-15,0.009609005340859511
750,2015-10-16,0.0015890338841586527
751,2015-10-19,0.004456984871366032
752,2015-10-20,-0.00782873957401975
753,2015-10-21,-0.0010839187909681414
754,2015-10-22,0.015739053560766436
755,2015-10-23,-0.0036699597650624582
756,2015-10-26,-0.008185181660239849
757,2015-10-27,-0.0035224753138738407
758,2015-10-28,-0.0064403532343693115
759,2015-10-29,-0.024100160666982617
760,2015-10-30,0.005267944464563357
761,2015-11-03,0.04653587093938505
762,2015-11-04,-0.007184359041584543
763,2015-11-05,0.007038678975563428
764,2015-11-06,-0.023756987818401853
765,2015-11-09,-0.015551143562468894
766,2015-11-10,-0.00034641782666078313
767,2015-11-11,0.019004475703136237
768,2015-11-12,-0.0038531591382504615
769,2015-11-13,-0.00785862868202436
770,2015-11-16,0.007069135303700236
771,2015-11-17,0.008523352518958305
772,2015-11-18,0.003971109100980641
773,2015-11-19,0.014711225290463759
774,2015-11-23,0.00022847885112220467
775,2015-11-24,0.0027791045947456183
776,2015-11-25,-0.029786439780185248
777,2015-11-26,0.005935366791060659
778,2015-11-27,-0.027372461155630745
779,2015-11-30,-0.016551101504321153
780,2015-12-01,-0.0016192180276526358
781,2015-12-02,-0.0029345744809816665
782,2015-12-03,0.032376771101247925
783,2015-12-04,-0.022495880750547315
784,2015-12-07,-0.003046898056195957
785,2015-12-08,-0.017398337732046798
786,2015-12-09,0.03677900149513924
787,2015-12-10,-0.010399160633063786
788,2015-12-11,-0.00809738840276708
789,2015-12-14,-0.011465518335437963
790,2015-12-15,0.002789588838538748
791,2015-12-16,0.0032039899249411974
792,2015-12-17,0.005427752395069874
793,2015-12-18,-0.030280876356128417
794,2015-12-21,-0.016324362919853286
795,2015-12-22,0.006230549750634751
796,2015-12-23,0.01245943991216869
797,2015-12-28,-0.005718923298324796
798,2015-12-29,-0.0025166454976588426
799,2015-12-30,-0.0069882128903344665
800,2016-01-04,-0.02828556470966781
801,2016-01-05,0.0065752365558378045
802,2016-01-06,-0.015346177260971317
803,2016-01-07,-0.026144963032745494
804,2016-01-08,-0.002041645340026932
805,2016-01-11,-0.016434917226693102
806,2016-01-12,-0.010973632721070103
807,2016-01-13,-0.014530322686097108
808,2016-01-14,0.014175955101960014
809,2016-01-15,-0.0238518269092296
810,2016-01-18,-0.01652195583664451
811,2016-01-19,0.003158146688919672
812,2016-01-20,-0.010884892548036262
813,2016-01-21,0.0019107778961924282
814,2016-01-22,0.008290695426421024
815,2016-01-26,-0.014140686848504558
816,2016-01-27,0.023171334423567558
817,2016-01-28,0.006596912478427086
818,2016-01-29,0.04494911211316044
819,2016-02-01,0.004050588427006119
820,2016-02-02,-0.04988023306021816
821,2016-02-03,0.025402657737126688
822,2016-02-04,0.030669849876586497
823,2016-02-05,-0.005650148914925879
824,2016-02-10,-0.005310686937237463
825,2016-02-11,-0.026577886634273185
826,2016-02-12,0.012385467831299124
827,2016-02-15,0.007133858366790591
828,2016-02-16,0.021101213574020505
829,2016-02-17,0.01654211299945807
830,2016-02-18,-0.0036819158657994677
831,2016-02-19,0.0015658691965008131
832,2016-02-22,0.039921317024710135
833,2016-02-23,-0.01665228087088977
834,2016-02-24,-0.010306688877964376
835,2016-02-25,-0.004691992936050937
836,2016-02-26,-0.0070675058498963494
837,2016-02-29,0.028466021967165744
838,2016-03-01,0.030560618428813413
839,2016-03-02,0.017323356316200744
840,2016-03-03,0.049963695918703976
841,2016-03-04,0.039307912636008524
842,2016-03-07,0.003274656901117723
843,2016-03-08,-0.002928378877147253
844,2016-03-09,-0.008939681289998447
845,2016-03-10,0.018445899442573577
846,2016-03-11,0.0013708297681418458
847,2016-03-14,-0.015674493045594318
848,2016-03-15,-0.03619258110793844
849,2016-03-16,0.013341540246337047
850,2016-03-17,0.06388665367133939
851,2016-03-18,-0.0019463482635870832
852,2016-03-21,0.007000920865058546
853,2016-03-22,-0.0031708155199527965
854,2016-03-23,-0.026217986320606457
855,2016-03-24,-0.0006643381524078507
856,2016-03-28,0.023504738982561335
857,2016-03-29,0.006216132886521564
858,2016-03-30,0.0018358663021267319
859,2016-03-31,-0.02357370476158316
860,2016-04-01,0.010077905146824051
861,2016-04-04,-0.035879913230496996
862,2016-04-05,0.005601339337969691
863,2016-04-06,-0.019722718555179597
864,2016-04-07,0.008632789693351128
865,2016-04-08,0.03603409914748923
866,2016-04-11,-0.002548330033828705
867,2016-04-12,0.03596460700268622
868,2016-04-13,0.021835925407694745
869,2016-04-14,-0.01400161182772841
870,2016-04-15,0.015468080721268151
871,2016-04-18,-0.006294662800048201
872,2016-04-19,0.015309293035919325
873,2016-04-20,-0.0014719448163074134
874,2016-04-22,-0.013572702937260317
875,2016-04-25,-0.019968211428606608
876,2016-04-26,0.023270381594402423
877,2016-04-27,0.025940224118276234
878,2016-04-28,-0.003051753448525929
879,2016-04-29,-0.0074106582735655735
880,2016-05-02,-0.006494677300500129
881,2016-05-03,-0.024608601332813507
882,2016-05-04,0.005590924088162197
883,2016-05-05,-0.016925488478722883
884,2016-05-06,0.0009091876938089882
885,2016-05-09,-0.014176348328650334
886,2016-05-10,0.04000110463270801
887,2016-05-11,-0.00580149971309929
888,2016-05-12,0.008999636233863129
889,2016-05-13,-0.02736140985919633
890,2016-05-16,-1.9303714999807653e-05
891,2016-05-17,-0.0187842860700691
892,2016-05-18,-0.005463470558000338
893,2016-05-19,-0.008520832128915856
894,2016-05-20,-0.008211871174905738
895,2016-05-23,-0.007935187468802951
896,2016-05-24,0.0003040283783235509
897,2016-05-25,0.002792732620159555
898,2016-05-27,-0.008768603080740789
899,2016-05-30,-0.0017752389501239918
900,2016-05-31,-0.010099022570576821
901,2016-06-01,0.011099257402941376
902,2016-06-02,0.01767487872825768
903,2016-06-03,0.014566552110423459
904,2016-06-06,-0.0037011056488971406
905,2016-06-07,0.0011097900465255606
906,2016-06-08,0.022347845837888514
907,2016-06-09,-0.00994684444657068
908,2016-06-10,-0.03374101648608985
909,2016-06-13,0.004824247621240119
910,2016-06-14,-0.02060921899059842
911,2016-06-15,0.005473400091583258
912,2016-06-16,0.010109211765174209
913,2016-06-17,0.002465992800614103
914,2016-06-20,0.01592214925021196
915,2016-06-21,0.010062654718989705
916,2016-06-22,-0.013505958116091676
917,2016-06-23,0.02760802974269616
918,2016-06-24,-0.02862537456069525
919,2016-06-27,-0.017292657464688332
920,2016-06-28,0.0153348495834571
921,2016-06-29,0.01970185201262531
922,2016-06-30,0.010241094490195835
923,2016-07-01,0.01360853692069064
924,2016-07-04,0.006412113341820458
925,2016-07-05,-0.013925960847657848
926,2016-07-06,0.0011566935281006607
927,2016-07-07,0.002174813448023727
928,2016-07-08,0.021416619847780538
929,2016-07-11,0.015294272968915834
930,2016-07-12,0.005470554043727205
931,2016-07-13,0.0062836666600514235
932,2016-07-14,0.016043367754194904
933,2016-07-15,0.0017468197024168575
934,2016-07-18,0.016169972707059443
935,2016-07-19,0.0037815245359738014
936,2016-07-20,-0.002118719673887881
937,2016-07-21,0.0011128875277499617
938,2016-07-22,0.006353250341447847
939,2016-07-25,-0.002265643120637151
940,2016-07-26,-0.0015837266631137936
941,2016-07-27,0.0012320040982451985
942,2016-07-28,-0.0032769585349914365
943,2016-07-29,0.011248199313333984
944,2016-08-01,-0.009678852386059589
945,2016-08-02,-0.010521006026008806
946,2016-08-03,0.016160861794773496
947,2016-08-04,0.009017162195624095
948,2016-08-05,0.0011626394958508257
949,2016-08-08,-0.0004510130523289746
950,2016-08-09,0.0009364920388907905
951,2016-08-10,-0.01341974087021569
952,2016-08-11,0.023955320134794178
953,2016-08-12,-3.430590576414261e-05
954,2016-08-15,0.014441176004051925
955,2016-08-16,-0.004932171590290579
956,2016-08-17,0.007937154015273507
957,2016-08-18,-0.0026668933014697416
958,2016-08-19,-0.0011330487831209268
959,2016-08-22,-0.02255400188014889
960,2016-08-23,0.004127776778281245
961,2016-08-24,-0.005218695422565034
962,2016-08-25,6.930006932748256e-05
963,2016-08-26,-0.0001039519050110016
964,2016-08-29,0.015370899053328557
965,2016-08-30,-0.0005973460944783682
966,2016-08-31,-0.011573328806887773
967,2016-09-01,0.005769064624107756
968,2016-09-02,0.02342027420809778
969,2016-09-05,-0.0008390529263380131
970,2016-09-06,0.009407312786720468
971,2016-09-08,0.0017115182682605479
972,2016-09-09,-0.037760762001401105
973,2016-09-12,0.010052749643691072
974,2016-09-13,-0.030589784482119242
975,2016-09-14,0.004179844511943642
976,2016-09-15,0.014786992693911927
977,2016-09-16,-0.014419020305211916
978,2016-09-19,0.004719050966745186
979,2016-09-20,0.006708052194591474
980,2016-09-21,0.011332249060094668
981,2016-09-22,0.010222598989120257
982,2016-09-23,-0.005047125616544079
983,2016-09-26,-0.011015006317242282
984,2016-09-27,0.0056340112614048365
985,2016-09-28,0.01654558799707395
986,2016-09-29,-0.017076714597584086
987,2016-09-30,0.0002741650833666398
988,2016-10-03,0.018569973827794684
989,2016-10-04,-0.0020538727758747655
990,2016-10-05,0.015302197526954942
991,2016-10-06,0.006451742010797901
992,2016-10-07,0.007638452619708858
993,2016-10-10,0.009106002959049064
994,2016-10-11,-0.010530702907724176
995,2016-10-13,0.001588328577504683
996,2016-10-14,0.010546457794843533
997,2016-10-17,0.014928408487847378
998,2016-10-18,0.01717336913211298
999,2016-10-19,-0.00433662925878231
1000,2016-10-20,0.0052142347061145955
1001,2016-10-21,0.004220536801319952
1002,2016-10-24,-0.0007490169503174826
1003,2016-10-25,-0.0030330057802032684
1004,2016-10-26,-0.0006265075542462029
1005,2016-10-27,0.00662109292876778
1006,2016-10-28,0.0009023165253836396
1007,2016-10-31,0.009548717248097915
1008,2016-11-01,-0.02493677023423757
1009,2016-11-03,-0.025202011806486624
1010,2016-11-04,-0.0024645730281616096
1011,2016-11-07,0.03906585098030391
1012,2016-11-08,0.0016535375423440968
1013,2016-11-09,-0.01412718917970679
1014,2016-11-10,-0.033058072568799446
1015,2016-11-11,-0.033512294163969614
1016,2016-11-14,0.007960257784136004
1017,2016-11-16,0.018303726521718744
1018,2016-11-17,-0.016411356559789425
1019,2016-11-18,0.003207165412328905
1020,2016-11-21,0.01830971898655065
1021,2016-11-22,0.014371426955833044
1022,2016-11-23,0.0005163789044875244
1023,2016-11-24,-0.009563866644201724
1024,2016-11-25,0.0026513780730859082
1025,2016-11-28,0.020834421842547357
1026,2016-11-29,-0.0301697596597581
1027,2016-11-30,0.014956378819171334
1028,2016-12-01,-0.03952315283567209
1029,2016-12-02,0.013503455813014043
1030,2016-12-05,-0.00805677361418411
1031,2016-12-06,0.020774812653971964
1032,2016-12-07,0.0053223746480544065
1033,2016-12-08,-0.01207310861682842
1034,2016-12-09,-0.0029048197487497873
1035,2016-12-12,-0.0220931445970578
1036,2016-12-13,0.0017221007126106969
1037,2016-12-14,-0.018197330890286523
1038,2016-12-15,0.003155875286653398
1039,2016-12-16,-0.00011987840918692427
1040,2016-12-19,-0.02213077333678548
1041,2016-12-20,0.008230642659141196
1042,2016-12-21,0.0011108219488153992
1043,2016-12-22,-0.006823232334415508
1044,2016-12-23,0.011841238434319834
1045,2016-12-26,0.011719721983123321
1046,2016-12-27,0.0013126829198970569
1047,2016-12-28,0.018315994098863086
1048,2016-12-29,0.0074161444483618055
1049,2017-01-02,-0.010649763470938822
1050,2017-01-03,0.03665888274586315
1051,2017-01-04,-0.0036465928596651764
1052,2017-01-05,0.0077956079732537376
1053,2017-01-06,-0.006562382120428367
1054,2017-01-09,0.0005674218933897635
1055,2017-01-10,0.006977223214319039
1056,2017-01-11,0.005041029153565191
1057,2017-01-12,0.023861891655828416
1058,2017-01-13,-0.004733328587116503
1059,2017-01-16,0.002808219411752688
1060,2017-01-17,0.00816012641274888
1061,2017-01-18,-0.003175001110793829
1062,2017-01-19,-0.0031069259424789664
1063,2017-01-20,0.008873587087787627
1064,2017-01-23,0.018853709609784275
1065,2017-01-24,0.0013830945520751925
1066,2017-01-26,0.005316945670251982
1067,2017-01-27,-0.002374741142478598
1068,2017-01-30,-0.026579025937671474
1069,2017-01-31,0.005722143500490162
1070,2017-02-01,0.002548126190523803
1071,2017-02-02,-0.003987209139713954
1072,2017-02-03,0.005805531545320264
1073,2017-02-06,-0.014905624677746587
1074,2017-02-07,0.003213931872826592
1075,2017-02-08,0.009857946750232216
1076,2017-02-09,0.0020030823338519355
1077,2017-02-10,0.017698226843762654
1078,2017-02-13,0.012668003179292953
1079,2017-02-14,-0.0038150568784871552
1080,2017-02-15,0.018754865221971784
1081,2017-02-16,-0.0023860383954339426
1082,2017-02-17,-0.0009737242769318755
1083,2017-02-20,0.011520442058968072
1084,2017-02-21,0.007544462866459156
1085,2017-02-22,-0.006713092443071389
1086,2017-02-23,-0.01659709838842538
1087,2017-02-24,-0.011914577692992978
1088,2017-03-01,0.004893351377811328
1089,2017-03-02,-0.017073071356612957
1090,2017-03-03,0.014038122288132726
1091,2017-03-06,-0.006685370471922525
1092,2017-03-07,-0.009070116615909285
1093,2017-03-08,-0.015698620727141233
1094,2017-03-09,-0.002057184240191745
1095,2017-03-10,0.0013925423881140375
1096,2017-03-13,0.013194363861099845
1097,2017-03-14,-0.01282334649632233
1098,2017-03-15,0.023463278699354717
1099,2017-03-16,-0.006847577847915787
1100,2017-03-17,-0.02420248448235185
1101,2017-03-20,0.01044209838191179
1102,2017-03-21,-0.02978384451498961
1103,2017-03-22,0.008553344215128433
1104,2017-03-23,0.00015741586154760512
1105,2017-03-24,0.005071251595266446
1106,2017-03-27,0.007084812955891806
1107,2017-03-28,0.005149373912125554
1108,2017-03-29,0.013644118000462058
1109,2017-03-30,-0.004006305341766492
1110,2017-03-31,-0.00433014112288177
1111,2017-04-03,0.0034870806101849894
1112,2017-04-04,0.008520436338299575
1113,2017-04-05,-0.01522887624896363
1114,2017-04-06,-0.008558324458705968
1115,2017-04-07,0.005744643794686866
1116,2017-04-10,0.0008820594337120014
1117,2017-04-11,-0.00449578309368448
1118,2017-04-12,-0.007298164196472001
1119,2017-04-13,-0.016825157394329437
1120,2017-04-17,0.02373480610357248
1121,2017-04-18,-0.002739429235070645
1122,2017-04-19,-0.011790111958811522
1123,2017-04-20,0.00556745273020276
1124,2017-04-24,0.009801092894363705
1125,2017-04-25,0.011718793643677117
1126,2017-04-26,-0.004399668661545064
1127,2017-04-27,-0.002856284605789128
1128,2017-04-28,0.011162477526736936
1129,2017-05-02,0.019966604649686914
1130,2017-05-03,-0.009456762440995803
1131,2017-05-04,-0.01880061790088483
1132,2017-05-05,0.012973767631253352
1133,2017-05-08,-0.002804110466131604
1134,2017-05-09,0.01141100664435335
1135,2017-05-10,0.016044885768373263
1136,2017-05-11,0.0027874995808740977
1137,2017-05-12,0.010076691039381913
1138,2017-05-15,0.0036870176958512246
1139,2017-05-16,0.0030621642790773507
1140,2017-05-17,-0.01679626049413585
1141,2017-05-18,-0.09210684690259541
1142,2017-05-19,0.01677491926018959
1143,2017-05-22,-0.01554185347565884
1144,2017-05-23,0.015908969464492273
1145,2017-05-24,0.009450590116852453
1146,2017-05-25,-0.00047436830844205247
1147,2017-05-26,0.01347890206952762
1148,2017-05-29,-0.005068609008512581
1149,2017-05-30,0.003147438847062034
1150,2017-05-31,-0.019752286172520783
1151,2017-06-01,-0.0067520256518687205
1152,2017-06-02,0.0035576960602270447
1153,2017-06-05,-0.0009763046845865375
1154,2017-06-06,0.008053948882077222
1155,2017-06-07,0.003425149630839286
1156,2017-06-08,-0.006591144113794911
1157,2017-06-09,-0.008722357986895801
1158,2017-06-12,-0.008247902072470836
1159,2017-06-13,0.002088579149726044
1160,2017-06-14,0.0015191676591630454
1161,2017-06-15,
1162,2017-06-16,
1163,2017-06-19,0.006276306594543257
1164,2017-06-20,-0.020329743976981618
1165,2017-06-21,-6.582845108127344e-05
1166,2017-06-22,0.00835837502908987
1167,2017-06-23,-0.0030238910250766082
1168,2017-06-26,0.017862977505277655
1169,2017-06-27,-0.00828339267207312
1170,2017-06-28,0.005546003074870853
1171,2017-06-29,0.003557147412724504
1172,2017-06-30,0.010564350803379696
1173,2017-07-03,0.006023159753002716
1174,2017-07-04,-0.0007588213339957406
1175,2017-07-05,-0.0012343140838844135
1176,2017-07-06,-0.010889746536038913
1177,2017-07-07,-0.002371948031749227
1178,2017-07-10,0.011216979600252586
1179,2017-07-11,0.012723158931997602
1180,2017-07-12,0.015606372643949484
1181,2017-07-13,0.005260984029739291
1182,2017-07-14,0.003950577052256321
1183,2017-07-17,-0.003429064654516978
1184,2017-07-18,0.0019302955055291449
1185,2017-07-19,-0.0024211231735229433
1186,2017-07-20,-0.003719704868350604
1187,2017-07-21,-0.003919092825366732
1188,2017-07-24,0.006410673498825403
1189,2017-07-25,0.008687195217749633
1190,2017-07-26,-0.010055258085316154
1191,2017-07-27,0.004083267370537769
1192,2017-07-28,0.0033645863480735727
1193,2017-07-31,0.006437545535648681
1194,2017-08-01,0.00900063462445111
1195,2017-08-02,0.009277892548164246
1196,2017-08-03,-0.005361702897248577
1197,2017-08-04,0.001810361444505304
1198,2017-08-07,0.015455891411349398
1199,2017-08-08,-0.0006036558167394901
1200,2017-08-09,-0.0033635791835884277
1201,2017-08-10,-0.010084518455322211
1202,2017-08-11,0.005463314941385633
1203,2017-08-14,0.013653598912215514
1204,2017-08-15,0.00102459025356616
1205,2017-08-16,0.0034903539658728278
1206,2017-08-17,-0.009035654682296723
1207,2017-08-18,0.010798103339284992
1208,2017-08-21,-0.0011649073031936297
1209,2017-08-22,0.019849763857234137
1210,2017-08-23,0.006648231819943007
1211,2017-08-24,0.00925075977215073
1212,2017-08-25,-0.0008297763596072372
1213,2017-08-28,-0.0008023027926817861
1214,2017-08-29,0.004397711289286121
1215,2017-08-30,-0.006244043462872995
1216,2017-08-31,-0.0007197239957594803
1217,2017-09-01,0.015242873476546848
1218,2017-09-04,0.0028600802546900894
1219,2017-09-05,0.0003049625751394558
1220,2017-09-06,0.017326264858533946
1221,2017-09-07,
1222,2017-09-08,
1223,2017-09-11,0.016825591304938214
1224,2017-09-12,0.002955839258596882
1225,2017-09-13,0.0033349659576824564
1226,2017-09-14,-0.0017531537830368649
1227,2017-09-15,0.014626558840939552
1228,2017-09-18,0.0030709033207632075
1229,2017-09-19,-0.00021057618987541105
1230,2017-09-20,0.00039479398846609115
1231,2017-09-21,-0.005276778641574609
1232,2017-09-22,-0.002834551615100267
1233,2017-09-25,-0.01264090834813203
1234,2017-09-26,-0.0016670927887290077
1235,2017-09-27,-0.007048558713076858
1236,2017-09-28,-0.003121524751747984
1237,2017-09-29,0.009833639139822381
1238,2017-10-02,0.000887968091497271
1239,2017-10-03,0.03180459037819361
1240,2017-10-04,-0.002243176860375229
1241,2017-10-05,0.0003524597155450948
1242,2017-10-06,-0.007375273322901776
1243,2017-10-09,-0.004321994842294785
1244,2017-10-10,0.01533209612570019
1245,2017-10-11,-0.003086804094701634
1246,2017-10-12,
1247,2017-10-13,
1248,2017-10-16,-0.0012737033993435176
1249,2017-10-17,-0.009027253924545064
1250,2017-10-18,0.005104990404992904
1251,2017-10-19,-0.004029467623526628
1252,2017-10-20,0.0014147794387309176
1253,2017-10-23,-0.012885214240801801
1254,2017-10-24,0.012348357719176306
1255,2017-10-25,0.004195508732282249
1256,2017-10-26,-0.010159558306346739
1257,2017-10-27,0.0010535188500746528
1258,2017-10-30,-0.015599615960219637
1259,2017-10-31,-0.00659926745127315
1260,,
