,Time_DCOILWTICO,Returns_DCOILWTICO
0,2012-10-02,-0.006076407585282162
1,2012-10-03,-0.04098979992080842
2,2012-10-04,0.03891974416171973
3,2012-10-05,-0.020049140391527054
4,2012-10-08,-0.004907985312192054
5,2012-10-09,0.032887209084030644
6,2012-10-10,-0.012850008025933057
7,2012-10-11,0.010358267394315668
8,2012-10-12,-0.003912623185072128
9,2012-10-15,0.00010889094582555714
10,2012-10-16,0.002501224728497675
11,2012-10-17,-0.0003258921325892672
12,2012-10-18,-0.00043468811812452657
13,2012-10-19,-0.02197890671877545
14,2012-10-22,-0.01906956272035032
15,2012-10-23,-0.01886309144829923
16,2012-10-24,-0.014648018242100491
17,2012-10-25,0.0023394559740035348
18,2012-10-26,0.0029166444289243643
19,2012-10-29,-0.003734831605653355
20,2012-10-30,0.0015189580533396807
21,2012-10-31,0.006748920194104002
22,2012-11-01,0.009464521249964442
23,2012-11-02,-0.025008572896895842
24,2012-11-05,0.008678370404179958
25,2012-11-06,0.034205102049861935
26,2012-11-07,-0.04760603140821562
27,2012-11-08,0.006722912624664623
28,2012-11-09,0.011802649425681544
29,2012-11-12,-0.006059212199269304
30,2012-11-13,-0.002106002884389113
31,2012-11-14,0.010949439620063117
32,2012-11-15,-0.010129911388278678
33,2012-11-16,0.013599326224880137
34,2012-11-19,0.02766727394919055
35,2012-11-20,-0.02951613049618551
36,2012-11-21,0.0071453571268609295
37,2012-11-22,
38,2012-11-23,
39,2012-11-26,0.0030982869468818564
40,2012-11-27,-0.005399519121098706
41,2012-11-28,-0.00821241097003167
42,2012-11-29,0.017728103293580766
43,2012-11-30,0.01021691257672952
44,2012-12-03,0.0016927160843662747
45,2012-12-04,-0.007355886730100458
46,2012-12-05,-0.007753744661665785
47,2012-12-06,-0.021872074818668708
48,2012-12-07,-0.00023402761632596025
49,2012-12-10,-0.0036344491615940555
50,2012-12-11,0.0025806465934916645
51,2012-12-12,0.01153119759919008
52,2012-12-13,-0.011179806673172976
53,2012-12-14,0.010832323030363966
54,2012-12-17,0.004507896439189807
55,2012-12-18,0.008612328595705598
56,2012-12-19,0.018465548747777838
57,2012-12-20,0.007492347041834435
58,2012-12-21,-0.0175324787616411
59,2012-12-24,0.0010198879007452533
60,2012-12-25,
61,2012-12-26,
62,2012-12-27,0.0022024015069135316
63,2012-12-28,-0.0027537606210632504
64,2012-12-31,0.01282279611272763
65,2013-01-01,
66,2013-01-02,
67,2013-01-03,-0.0018268770864642292
68,2013-01-04,0.001612123515361219
69,2013-01-07,0.0008587377084179337
70,2013-01-08,0.00010729038151957582
71,2013-01-09,-0.001395673638974415
72,2013-01-10,0.007812121703768327
73,2013-01-11,-0.0022410766543128346
74,2013-01-14,0.00713262192451225
75,2013-01-15,-0.010771714027884016
76,2013-01-16,0.01087778668775563
77,2013-01-17,0.012752451894180616
78,2013-01-18,0.0012558871352439382
79,2013-01-21,
80,2013-01-22,
81,2013-01-23,-0.010776981103313155
82,2013-01-24,0.003046060860564914
83,2013-01-25,-0.0020997383042695716
84,2013-01-28,0.008372628711549979
85,2013-01-29,0.01725516800529281
86,2013-01-30,0.0036809857514272792
87,2013-01-31,-0.0033737188877402957
88,2013-02-01,-0.0019476199073285017
89,2013-02-04,-0.012908735042186592
90,2013-02-05,0.004873253462108984
91,2013-02-06,-0.0024855025223118332
92,2013-02-07,-0.006240918945831453
93,2013-02-08,-0.00135734815932409
94,2013-02-11,0.013491279765377229
95,2013-02-12,0.004833162783813627
96,2013-02-13,-0.004627019719797509
97,2013-02-14,0.0027787801547507485
98,2013-02-15,-0.013971766738250402
99,2013-02-18,
100,2013-02-19,
101,2013-02-20,-0.01847555292789327
102,2013-02-21,-0.022695556202474876
103,2013-02-22,0.0035501086180396157
104,2013-02-25,-0.004089105019812855
105,2013-02-26,-0.0011868156973786625
106,2013-02-27,0.0022645181402998205
107,2013-02-28,-0.008762970555470595
108,2013-03-01,-0.014447006223912595
109,2013-03-04,-0.006414532058534483
110,2013-03-05,0.0082868824045228
111,2013-03-06,-0.0045216509351915235
112,2013-03-07,0.01164848335903823
113,2013-03-08,0.005230479397582144
114,2013-03-11,0.0006518905054839763
115,2013-03-12,0.004010628106425607
116,2013-03-13,0.0003244821833670031
117,2013-03-14,0.006037754190920452
118,2013-03-15,0.004932456922756678
119,2013-03-18,0.0023504284325079894
120,2013-03-19,-0.013645121729552123
121,2013-03-20,0.008295226666885647
122,2013-03-21,-0.008078893512986518
123,2013-03-22,0.010222287324678447
124,2013-03-25,0.012130389219708881
125,2013-03-26,0.015115224270979333
126,2013-03-27,0.005609821485077937
127,2013-03-28,0.007328308587398524
128,2013-03-29,
129,2013-04-01,
130,2013-04-02,0.0013379305242864348
131,2013-04-03,-0.022991910062790666
132,2013-04-04,-0.018696104378600253
133,2013-04-05,-0.005375778992843472
134,2013-04-08,0.006447475590968921
135,2013-04-09,0.008744856837108017
136,2013-04-10,0.004343917409670439
137,2013-04-11,-0.012232243145161803
138,2013-04-12,-0.02393572872253369
139,2013-04-15,-0.027560362001858074
140,2013-04-16,-0.00022537750827833491
141,2013-04-17,-0.02372103468563136
142,2013-04-18,0.013526111767410143
143,2013-04-19,0.002388128729235106
144,2013-04-22,0.008707999612152406
145,2013-04-23,0.00449388465527889
146,2013-04-24,0.020635300654035404
147,2013-04-25,0.023870071159044493
148,2013-04-26,-0.006885449472835425
149,2013-04-29,0.015638707752738235
150,2013-04-30,-0.009289480074079925
151,2013-05-01,-0.026964016708777017
152,2013-05-02,0.032099915008558355
153,2013-05-03,0.01640682476243427
154,2013-05-06,0.005757670970004014
155,2013-05-07,-0.005442759929770169
156,2013-05-08,0.010025146619379477
157,2013-05-09,-0.0015598193772472513
158,2013-05-10,-0.002918188626394702
159,2013-05-13,-0.011019684372197247
160,2013-05-14,-0.008478219499872708
161,2013-05-15,-0.00010643393123732636
162,2013-05-16,0.009533970521548696
163,2013-05-17,0.009130566659149686
164,2013-05-20,0.005937208212019485
165,2013-05-21,-0.007714800565910451
166,2013-05-22,-0.016567677011612325
167,2013-05-23,0.0014885701844917776
168,2013-05-24,-0.0029793595139411266
169,2013-05-27,
170,2013-05-28,
171,2013-05-29,-0.01618951112176603
172,2013-05-30,0.004713452754255165
173,2013-05-31,-0.017682401412158377
174,2013-06-03,0.015970988009094356
175,2013-06-04,-0.0005354179064571696
176,2013-06-05,0.0032082157770956243
177,2013-06-06,0.011148387482614375
178,2013-06-07,0.014673777597182358
179,2013-06-10,-0.0030219373802164995
180,2013-06-11,-0.003345183968291643
181,2013-06-12,0.0050135889434148595
182,2013-06-13,0.007059829986838295
183,2013-06-14,0.01203161205240022
184,2013-06-17,0.00030660739163934636
185,2013-06-18,0.006112488469077526
186,2013-06-19,-0.002236909931222719
187,2013-06-20,-0.03469513841316463
188,2013-06-21,-0.011446865847807963
189,2013-06-24,0.013342002233079242
190,2013-06-25,0.0018915516358717355
191,2013-06-26,0.0023070480031313068
192,2013-06-27,0.015898916493441106
193,2013-06-28,-0.006619800756712202
194,2013-07-01,0.016263868527500946
195,2013-07-02,0.0173090003846319
196,2013-07-03,0.022524145165049525
197,2013-07-04,
198,2013-07-05,
199,2013-07-08,-0.0005821851513161391
200,2013-07-09,0.004164856618392498
201,2013-07-10,0.028114492878271058
202,2013-07-11,-0.015532086088766661
203,2013-07-12,0.010255526216000455
204,2013-07-15,0.003301111226964082
205,2013-07-16,-0.0030177314489376883
206,2013-07-17,0.0048052101693736304
207,2013-07-18,0.014463929662222874
208,2013-07-19,0.0005557099337227811
209,2013-07-22,-0.012953911161836196
210,2013-07-23,0.0048657343120828145
211,2013-07-24,-0.01618554200736888
212,2013-07-25,0.0005690440214252135
213,2013-07-26,-0.006754532649011935
214,2013-07-29,-0.0014328702838417584
215,2013-07-30,-0.01415186073285657
216,2013-07-31,0.018824989260092906
217,2013-08-01,0.026570590954349882
218,2013-08-02,-0.009214939316669835
219,2013-08-05,-0.003090613558201838
220,2013-08-06,-0.012173981334274941
221,2013-08-07,-0.008677878326089683
222,2013-08-08,-0.00923705211046677
223,2013-08-09,0.024727977229272113
224,2013-08-12,0.0014135609949299521
225,2013-08-13,0.0055407006562857575
226,2013-08-14,0.0010296252138140005
227,2013-08-15,0.005039204392597085
228,2013-08-16,0.0013952841666453608
229,2013-08-19,-0.004098366392282671
230,2013-08-20,-0.021128875050562712
231,2013-08-21,-0.009289919801920732
232,2013-08-22,0.009575865569488862
233,2013-08-23,0.014663712917037053
234,2013-08-26,-0.005650796727955765
235,2013-08-27,0.030050170308106416
236,2013-08-28,0.009668079684966635
237,2013-08-29,-0.015182292719857493
238,2013-08-30,-0.0048963098419756435
239,2013-09-02,
240,2013-09-03,
241,2013-09-04,-0.012780318426105275
242,2013-09-05,0.011214724331859216
243,2013-09-06,0.019350731586017744
244,2013-09-09,-0.009081064948561313
245,2013-09-10,-0.01971505587068023
246,2013-09-11,0.0015804400630816673
247,2013-09-12,0.00989054603251649
248,2013-09-13,-0.003778283995242937
249,2013-09-16,-0.016476984358792635
250,2013-09-17,-0.011137444053827217
251,2013-09-18,0.026875534872028872
252,2013-09-19,-0.01836967128425737
253,2013-09-20,-0.01478980314630629
254,2013-09-23,-0.01036875648984914
255,2013-09-24,-0.0038677286660604437
256,2013-09-25,-0.005245276717642078
257,2013-09-26,0.004082035019974839
258,2013-09-27,-0.002330550676144405
259,2013-09-30,-0.0048728290551816045
260,2013-10-01,-0.0026412341106638593
261,2013-10-02,0.019977390526056737
262,2013-10-03,-0.008291601688439343
263,2013-10-04,0.005214380296820309
264,2013-10-07,-0.007346577266661214
265,2013-10-08,0.004549642425054401
266,2013-10-09,-0.018619244324080242
267,2013-10-10,0.01416661863448887
268,2013-10-11,-0.008867293180832014
269,2013-10-14,0.002834385907724446
270,2013-10-15,-0.01286791489730188
271,2013-10-16,0.011696039763191557
272,2013-10-17,-0.015956213640854422
273,2013-10-18,0.0014881693306527666
274,2013-10-21,-0.01588841817039288
275,2013-10-22,-0.0167593176587717
276,2013-10-23,-0.007505304340859276
277,2013-10-24,-0.0025833132423809246
278,2013-10-25,0.007730004994149553
279,2013-10-28,0.013663922182227672
280,2013-10-29,-0.004567840252178712
281,2013-10-30,-0.015171997846557872
282,2013-10-31,-0.005385823479787888
283,2013-11-01,-0.018129917594404077
284,2013-11-04,0.0002114835579414276
285,2013-11-05,-0.01255469198093273
286,2013-11-06,0.014244952260808574
287,2013-11-07,-0.005185471167485467
288,2013-11-08,0.0032837273296681957
289,2013-11-11,0.006009823560577665
290,2013-11-12,-0.02135539323523794
291,2013-11-13,0.0084478928333942
292,2013-11-14,-0.0015985509878193582
293,2013-11-15,0.00042653018347582616
294,2013-11-18,-0.008242834231711349
295,2013-11-19,0.003433848207264667
296,2013-11-20,-0.00010712946606261653
297,2013-11-21,0.02130559152475886
298,2013-11-22,-0.008637087609135286
299,2013-11-25,-0.007112934071021648
300,2013-11-26,-0.004805904481513856
301,2013-11-27,-0.014666498205670564
302,2013-11-28,
303,2013-11-29,
304,2013-12-02,0.011388176364146574
305,2013-12-03,0.0234385729720179
306,2013-12-04,0.011825863960783778
307,2013-12-05,0.0017515846011439962
308,2013-12-06,0.003493991839406796
309,2013-12-09,-0.0039058534597264938
310,2013-12-10,0.01248608996050038
311,2013-12-11,-0.010942482759223715
312,2013-12-12,-0.00041139566557824025
313,2013-12-13,-0.00971684304310294
314,2013-12-16,0.009408185187882445
315,2013-12-17,-0.0019570485723061637
316,2013-12-18,0.006167148747918461
317,2013-12-19,0.00826577490483782
318,2013-12-20,0.007189540360410085
319,2013-12-23,-0.004956263622637458
320,2013-12-24,0.002531775113062018
321,2013-12-25,
322,2013-12-26,
323,2013-12-27,0.0076336248550710195
324,2013-12-30,-0.010460767287391981
325,2013-12-31,-0.007408568924236469
326,2014-01-01,
327,2014-01-02,
328,2014-01-03,-0.015678287248739764
329,2014-01-06,-0.005782219772267894
330,2014-01-07,0.002038299262802745
331,2014-01-08,-0.015226253884288887
332,2014-01-09,-0.005893283453941578
333,2014-01-10,0.011211001774953822
334,2014-01-13,-0.01022637284577943
335,2014-01-14,0.007625309278957992
336,2014-01-15,0.01753392954560784
337,2014-01-16,-0.002562461363700308
338,2014-01-17,0.004480007492971616
339,2014-01-20,
340,2014-01-21,
341,2014-01-22,0.01928174585341047
342,2014-01-23,0.009091910961190663
343,2014-01-24,-0.005879639404628101
344,2014-01-27,-0.008728234961961512
345,2014-01-28,0.017278377186204175
346,2014-01-29,-0.0015398042358718556
347,2014-01-30,0.009305246344061935
348,2014-01-31,-0.007150183680249889
349,2014-02-03,-0.011444013756150007
350,2014-02-04,0.008261096134951629
351,2014-02-05,0.0016440612005670374
352,2014-02-06,0.00450728073042761
353,2014-02-07,0.021636674606507533
354,2014-02-10,0.0013993005781491874
355,2014-02-11,-0.001599360596822308
356,2014-02-12,0.004192878260036004
357,2014-02-13,-0.001096436690953162
358,2014-02-14,0.0003988433595596419
359,2014-02-17,
360,2014-02-18,
361,2014-02-19,0.00893209821981511
362,2014-02-20,-0.002516211527907153
363,2014-02-21,-0.006513414365461934
364,2014-02-24,0.006222674430284236
365,2014-02-25,-0.009446435342680637
366,2014-02-26,0.0071174677688645716
367,2014-02-27,-0.0024317895355290275
368,2014-02-28,0.001945904486369443
369,2014-03-03,0.023629953565934336
370,2014-03-04,-0.01626985836133432
371,2014-03-05,-0.018404531371204236
372,2014-03-06,0.000687724151485547
373,2014-03-07,0.00977333815316861
374,2014-03-10,-0.014005419662870722
375,2014-03-11,-0.01090847786437088
376,2014-03-12,-0.020143696521579102
377,2014-03-13,0.0028446630988092636
378,2014-03-14,0.006673432248803124
379,2014-03-17,-0.008094752285030538
380,2014-03-18,0.01662423051753592
381,2014-03-19,0.006275233501397359
382,2014-03-20,-0.010280044620910367
383,2014-03-21,0.002905085939946872
384,2014-03-24,0.0007999200506523252
385,2014-03-25,-0.0039056681764835233
386,2014-03-26,0.00948726345070039
387,2014-03-27,0.006341049682689892
388,2014-03-28,0.004729538819008283
389,2014-03-31,-0.0015740288542476222
390,2014-04-01,-0.01868284491679706
391,2014-04-02,-0.0009032064440601673
392,2014-04-03,0.006903824509564949
393,2014-04-04,0.008637432701647185
394,2014-04-07,-0.007242454396516607
395,2014-04-08,0.021084524914071423
396,2014-04-09,0.00950909552227408
397,2014-04-10,-0.0017398032611994907
398,2014-04-11,0.0029944480235704063
399,2014-04-14,0.0035623202356793726
400,2014-04-15,-0.0033694376041619734
401,2014-04-16,9.64273661612225e-05
402,2014-04-17,0.005960409878235318
403,2014-04-18,
404,2014-04-21,
405,2014-04-22,-0.025821663720162924
406,2014-04-23,-0.0021657815120548207
407,2014-04-24,0.007168489478612372
408,2014-04-25,-0.013297413369382838
409,2014-04-28,0.002772553513858078
410,2014-04-29,0.004242938922398132
411,2014-04-30,-0.014779815734113022
412,2014-05-01,-0.0038045700677518113
413,2014-05-02,0.004004410196315256
414,2014-05-05,-0.003502981112950998
415,2014-05-06,0.000701578580518003
416,2014-05-07,0.012446021165267496
417,2014-05-08,-0.005357687188371152
418,2014-05-09,-0.0019916357907803217
419,2014-05-12,0.005665737535677451
420,2014-05-13,0.011040033274139383
421,2014-05-14,0.006059439963195246
422,2014-05-15,-0.00870974826300408
423,2014-05-16,0.005586880496229796
424,2014-05-19,0.006236013582950228
425,2014-05-20,-0.0014580804527337676
426,2014-05-21,0.014581881666814844
427,2014-05-22,-0.0026879156050760855
428,2014-05-23,0.00937626463509833
429,2014-05-26,
430,2014-05-27,
431,2014-05-28,-0.013548129399679532
432,2014-05-29,0.0085729947595663
433,2014-05-30,-0.008282817265631515
434,2014-06-02,-0.003196593025627692
435,2014-06-03,0.0026161538103375293
436,2014-06-04,-0.0006776051757260149
437,2014-06-05,-0.0009688045710278814
438,2014-06-06,0.0014528551153549785
439,2014-06-09,0.016986157649865774
440,2014-06-10,-0.0006663176677923488
441,2014-06-11,0.00019042178482742145
442,2014-06-12,0.02035501864216105
443,2014-06-13,0.0027015713482709813
444,2014-06-16,0.0002790567898669494
445,2014-06-17,-0.00531544124642469
446,2014-06-18,-0.0029027596579611625
447,2014-06-19,0.004117542781698624
448,2014-06-20,0.008091938308663948
449,2014-06-23,-0.01042937100301966
450,2014-06-24,-0.001780110087342912
451,2014-06-25,0.0037439205094651484
452,2014-06-26,-0.005151512352626675
453,2014-06-27,-0.00028175628268112263
454,2014-06-30,-0.0036700742272319786
455,2014-07-01,-9.428180839510247e-05
456,2014-07-02,-0.008331803547785732
457,2014-07-03,-0.004001148521687092
458,2014-07-04,
459,2014-07-07,
460,2014-07-08,-0.001248499561934402
461,2014-07-09,-0.01091851032368929
462,2014-07-10,0.006584704725192125
463,2014-07-11,-0.020772115532579072
464,2014-07-14,0.002460510074575595
465,2014-07-15,-0.011567680523665302
466,2014-07-16,0.013041085829263999
467,2014-07-17,0.019055602844524344
468,2014-07-18,-9.630664041804238e-05
469,2014-07-21,0.014438267739881105
470,2014-07-22,-0.007145269289066114
471,2014-07-23,-0.007485639561022772
472,2014-07-24,-0.010166132963471242
473,2014-07-25,0.02375225851103746
474,2014-07-28,0.0042672294613490536
475,2014-07-29,-0.007312820470675163
476,2014-07-30,-0.005927359610272909
477,2014-07-31,-0.05986381244634309
478,2014-08-01,-0.0037737818258012368
479,2014-08-04,0.0040791408795248785
480,2014-08-05,-0.009407022335193638
481,2014-08-06,-0.004220935900791645
482,2014-08-07,0.004220935900791645
483,2014-08-08,0.0027699427815655042
484,2014-08-11,0.00490547738935021
485,2014-08-12,-0.007469975896952086
486,2014-08-13,0.0021546204405868963
487,2014-08-14,-0.021025061158042924
488,2014-08-15,0.01825398123014299
489,2014-08-18,-0.008877935878988552
490,2014-08-19,-0.021909781498411718
491,2014-08-20,0.0214949298019409
492,2014-08-21,-0.02553061922152633
493,2014-08-22,-0.0038383670113200097
494,2014-08-25,0.018836535773463225
495,2014-08-26,0.004080143757346555
496,2014-08-27,0.00041753654051301936
497,2014-08-28,0.006449621857994359
498,2014-08-29,0.01461683254800672
499,2014-09-01,
500,2014-09-02,
501,2014-09-03,0.027387339584476145
502,2014-09-04,-0.010420598479719878
503,2014-09-05,-0.012671201853735603
504,2014-09-08,-0.007313433328543617
505,2014-09-09,0.0009710309874488843
506,2014-09-10,-0.01106062024128196
507,2014-09-11,0.012784572828577367
508,2014-09-12,-0.007672810107067107
509,2014-09-15,0.007349795299413486
510,2014-09-16,0.02183609155062438
511,2014-09-17,-0.006129801480638797
512,2014-09-18,-0.01344737446414257
513,2014-09-19,-0.00690029692093308
514,2014-09-22,-0.010549883046777175
515,2014-09-23,0.00098355289061125
516,2014-09-24,0.02214511236302652
517,2014-09-25,-0.00010684331438159944
518,2014-09-26,0.020726130517116914
519,2014-09-29,-0.010732426248988958
520,2014-09-30,-0.036191348840481474
521,2014-10-01,-0.0047276213609936946
522,2014-10-02,0.0030809883526776716
523,2014-10-03,-0.013939820814108828
524,2014-10-06,0.006330189387365515
525,2014-10-07,-0.0160699809081688
526,2014-10-08,-0.01816374150632516
527,2014-10-09,-0.017683211424766476
528,2014-10-10,0.0012818273619012999
529,2014-10-13,-0.0016317019937286403
530,2014-10-14,-0.04790405274124332
531,2014-10-15,0.0012229425518315296
532,2014-10-16,0.0062138488090823785
533,2014-10-17,0.005692500080878737
534,2014-10-20,-0.00048320851387106956
535,2014-10-21,0.005903275983210499
536,2014-10-22,-0.0333425280889621
537,2014-10-23,0.028043226274017563
538,2014-10-24,-0.018771882280494978
539,2014-10-27,-0.0001230542055328243
540,2014-10-28,0.001229861180723546
541,2014-10-29,0.010879637905176764
542,2014-10-30,-0.014573768445318436
543,2014-10-31,-0.00655983539270899
544,2014-11-03,-0.022097572092221185
545,2014-11-04,-0.02078063490606219
546,2014-11-05,0.020018633345188164
547,2014-11-06,-0.01072944256546382
548,2014-11-07,0.01072944256546382
549,2014-11-10,-0.016395909755726024
550,2014-11-11,0.005409595881374685
551,2014-11-12,-0.008902710242479017
552,2014-11-13,-0.040060879368899904
553,2014-11-14,0.02372811936004826
554,2014-11-17,-0.0035631842384198364
555,2014-11-18,-0.014515202579509001
556,2014-11-19,0.0
557,2014-11-20,0.014382988657190232
558,2014-11-21,0.011699114704113889
559,2014-11-24,-0.010245722098402688
560,2014-11-25,-0.022700934768352
561,2014-11-26,-0.00460268851000567
562,2014-11-27,
563,2014-11-28,
564,2014-12-01,0.04507136986511018
565,2014-12-02,-0.029273252988518905
566,2014-12-03,0.004616882130505928
567,2014-12-04,-0.008505609735166786
568,2014-12-05,-0.012667941989787046
569,2014-12-08,-0.04279059254619355
570,2014-12-09,0.009616216609655837
571,2014-12-10,-0.044102392680825275
572,2014-12-11,-0.01619870130694334
573,2014-12-12,-0.037349443907037205
574,2014-12-15,-0.032524621297103984
575,2014-12-16,0.00017868310598778692
576,2014-12-17,0.008185099077780755
577,2014-12-18,-0.040689095324100144
578,2014-12-19,0.04915923595808369
579,2014-12-22,-0.029602732217170136
580,2014-12-23,0.027315810646962646
581,2014-12-24,-0.019204004111586848
582,2014-12-25,
583,2014-12-26,
584,2014-12-29,-0.020917005082893514
585,2014-12-30,0.01263957347538236
586,2014-12-31,-0.012826646715101031
587,2015-01-01,
588,2015-01-02,
589,2015-01-05,-0.05197238443302199
590,2015-01-06,-0.04223824834968104
591,2015-01-07,0.014689412783060796
592,2015-01-08,0.0022566426644923254
593,2015-01-09,-0.009264090959798299
594,2015-01-12,-0.04852132750676397
595,2015-01-13,-0.0030441423812281876
596,2015-01-14,0.05445683910594967
597,2015-01-15,-0.04470489271389155
598,2015-01-16,0.04470489271389155
599,2015-01-19,
600,2015-01-20,
601,2015-01-21,0.02240161302083843
602,2015-01-22,-0.04095261956126128
603,2015-01-23,-0.014694858132310973
604,2015-01-26,-0.01021550078445177
605,2015-01-27,0.02294893298554479
606,2015-01-28,-0.03915090756182549
607,2015-01-29,0.000907029540643034
608,2015-01-30,0.0799032182047652
609,2015-02-02,0.030092955028030666
610,2015-02-03,0.07413697825950916
611,2015-02-04,-0.09051400754083172
612,2015-02-05,0.04104487989618244
613,2015-02-06,0.02310656943473699
614,2015-02-09,0.02541942883697601
615,2015-02-10,-0.05688093050104248
616,2015-02-11,-0.025491973144526447
617,2015-02-12,0.047423109957899
618,2015-02-13,0.02870273125116274
619,2015-02-16,
620,2015-02-17,
621,2015-02-18,-0.027061922042956876
622,2015-02-19,-0.019564788710735304
623,2015-02-20,-0.023153304974716793
624,2015-02-23,-0.007838448333620907
625,2015-02-24,-0.022032714999882685
626,2015-02-25,0.03585920517812591
627,2015-02-26,-0.053127916838974
628,2015-02-27,0.044935244378986994
629,2015-03-02,-0.005028673978155318
630,2015-03-03,0.01679703558759149
631,2015-03-04,0.02157792625149879
632,2015-03-05,-0.015055519493945901
633,2015-03-06,-0.022916216533229505
634,2015-03-09,0.006830078781605131
635,2015-03-10,-0.03110955358464995
636,2015-03-11,-0.007462721201589861
637,2015-03-12,-0.019752690964991437
638,2015-03-13,-0.04870527812889058
639,2015-03-16,-0.02139480322675258
640,2015-03-17,-0.01236845817742882
641,2015-03-18,0.02817727883091914
642,2015-03-19,-0.013762202542862756
643,2015-03-20,0.043997320390779304
644,2015-03-23,0.029980832211935926
645,2015-03-24,-0.007836532744074365
646,2015-03-25,0.035919501486899374
647,2015-03-26,0.05312750862355742
648,2015-03-27,-0.05148782799384444
649,2015-03-30,-0.003487540718192683
650,2015-03-31,-0.019506740125661004
651,2015-04-01,0.04906953279815207
652,2015-04-02,-0.019950283847310235
653,2015-04-03,
654,2015-04-06,
655,2015-04-07,0.03527669380383003
656,2015-04-08,-0.06727318060742515
657,2015-04-09,0.006914973716435124
658,2015-04-10,0.016403414078403955
659,2015-04-13,0.006178818653678864
660,2015-04-14,0.025654613626562295
661,2015-04-15,0.053869709912730546
662,2015-04-16,0.007791787251682614
663,2015-04-17,-0.017438164303487547
664,2015-04-20,0.011777438060759593
665,2015-04-21,-0.0141136777791262
666,2015-04-22,0.010559382229983427
667,2015-04-23,0.007449484610090984
668,2015-04-24,-0.010837807067124672
669,2015-04-27,-0.007530966201164446
670,2015-04-28,0.026464558421941398
671,2015-04-29,0.025953013735641406
672,2015-04-30,0.018109998206199407
673,2015-05-01,-0.008760163837872703
674,2015-05-04,-0.003050332817623236
675,2015-05-05,0.02447733268426333
676,2015-05-06,0.00906773998171051
677,2015-05-07,-0.03235772624541955
678,2015-05-08,0.007094624352665946
679,2015-05-11,-0.0030343920787760936
680,2015-05-12,0.024844962798501236
681,2015-05-13,-0.0036297680505787966
682,2015-05-14,-0.010133818760424518
683,2015-05-15,-0.0026751395321564786
684,2015-05-18,-0.004867006334711377
685,2015-05-19,-0.03666677668880958
686,2015-05-20,0.028558624160386792
687,2015-05-21,0.020480823320818686
688,2015-05-22,-0.02183859678127842
689,2015-05-25,
690,2015-05-26,
691,2015-05-27,0.00383275730517596
692,2015-05-28,0.0031250025431353023
693,2015-05-29,0.0434187241019659
694,2015-06-01,-0.00016598887912611104
695,2015-06-02,0.017443259450527826
696,2015-06-03,-0.02695046140817503
697,2015-06-04,-0.028386370987571574
698,2015-06-05,0.01895710428985886
699,2015-06-08,-0.016374235871604803
700,2015-06-09,0.033815563456014885
701,2015-06-10,0.01991671463831235
702,2015-06-11,-0.010155697441397216
703,2015-06-12,-0.012924786383206488
704,2015-06-15,-0.0071972860690978635
705,2015-06-16,0.008030827836122967
706,2015-06-17,-0.002001668725050365
707,2015-06-18,0.008645107874277969
708,2015-06-19,-0.013163565900724095
709,2015-06-22,0.006520126751496491
710,2015-06-23,0.01718198555529149
711,2015-06-24,-0.01718198555529149
712,2015-06-25,-0.007023440242534207
713,2015-06-26,-0.003025212391237986
714,2015-06-29,-0.0181745979280743
715,2015-06-30,0.0193521571523787
716,2015-07-01,-0.043642039742062266
717,2015-07-02,-0.0001756388869011971
718,2015-07-03,
719,2015-07-06,
720,2015-07-07,-0.0028623242517169523
721,2015-07-08,-0.01385436822348085
722,2015-07-09,0.02203787568847826
723,2015-07-10,-0.0003791469239731171
724,2015-07-13,-0.010483275269819181
725,2015-07-14,0.016343959404670372
726,2015-07-15,-0.03159669259887243
727,2015-07-16,-0.009775248904642542
728,2015-07-17,-0.00039300452461032975
729,2015-07-20,-0.015249330060233657
730,2015-07-21,0.009533339332211899
731,2015-07-22,-0.02643855174797327
732,2015-07-23,-0.023825320844509168
733,2015-07-24,-0.0027057982998139885
734,2015-07-27,-0.017026160115378275
735,2015-07-28,0.016817718217802202
736,2015-07-29,0.016539554207988694
737,2015-07-30,-0.00493320630483618
738,2015-07-31,-0.029696870705175016
739,2015-08-03,-0.04028262256601467
740,2015-08-04,0.01098912157559484
741,2015-08-05,-0.01364457788262019
742,2015-08-06,-0.009797450893549886
743,2015-08-07,-0.018519047767237673
744,2015-08-10,0.024097551579060905
745,2015-08-11,-0.041573277998140146
746,2015-08-12,0.0025483623196969063
747,2015-08-13,-0.02222573650004156
748,2015-08-14,0.004249298178657934
749,2015-08-17,-0.012325351574685062
750,2015-08-18,0.015383098282661933
751,2015-08-19,-0.04392881977846175
752,2015-08-20,0.006116227017436415
753,2015-08-21,-0.013505423199807076
754,2015-08-24,-0.05670770469237407
755,2015-08-25,0.024041483624685167
756,2015-08-26,-0.016742181143073243
757,2015-08-27,0.09813970303144126
758,2015-08-28,0.0642883132429426
759,2015-08-31,0.08280736593013982
760,2015-09-01,-0.08082214414656663
761,2015-09-02,0.02007048174049242
762,2015-09-03,0.00967229464250785
763,2015-09-04,-0.015738171127475997
764,2015-09-07,
765,2015-09-08,
766,2015-09-09,-0.03976092872985548
767,2015-09-10,0.03823537542101807
768,2015-09-11,-0.024283753981609202
769,2015-09-14,-0.015312165866968819
770,2015-09-15,0.01150604910382702
771,2015-09-16,0.05541221138560859
772,2015-09-17,-0.004040409537005019
773,2015-09-18,-0.04845993956043726
774,2015-09-21,0.04290436971583533
775,2015-09-22,-0.01077132344282683
776,2015-09-23,-0.036167117185286646
777,2015-09-24,0.009165147423572328
778,2015-09-25,0.01348235694878408
779,2015-09-28,-0.02557115426778811
780,2015-09-29,0.018742181809740632
781,2015-09-30,-0.003986716243821409
782,2015-10-01,-0.006903490283233893
783,2015-10-02,0.017499615914728928
784,2015-10-05,0.016118841689882313
785,2015-10-06,0.04747226109164915
786,2015-10-07,-0.013902080936897931
787,2015-10-08,0.03288417961304324
788,2015-10-09,0.004236867025988911
789,2015-10-12,-0.053340464863795845
790,2015-10-13,-0.008316499580611758
791,2015-10-14,-0.001500053854622152
792,2015-10-15,-0.005375778992843916
793,2015-10-16,0.01964196367050164
794,2015-10-19,-0.029827337236756346
795,2015-10-20,-0.0015258858546465248
796,2015-10-21,-0.013617605556660362
797,2015-10-22,-0.007101672101615275
798,2015-10-23,-0.022295710174582428
799,2015-10-26,-0.01653309760101651
800,2015-10-27,0.0004629629712322725
801,2015-10-28,0.061046548393860256
802,2015-10-29,0.001957586269517808
803,2015-10-30,0.012524456524380057
804,2015-11-02,-0.010353845730741718
805,2015-11-03,0.03745118528891389
806,2015-11-04,-0.03312404742503228
807,2015-11-05,-0.022929271816872543
808,2015-11-06,-0.021208519008839133
809,2015-11-09,-0.01020532726090595
810,2015-11-10,0.0081725767021128
811,2015-11-11,-0.029366643449970642
812,2015-11-12,-0.028576746781209916
813,2015-11-13,-0.025477539635456292
814,2015-11-16,0.02403903543151298
815,2015-11-17,-0.023056475784790198
816,2015-11-18,0.0004909180265504354
817,2015-11-19,-0.004920059125449683
818,2015-11-20,-0.029023803578607232
819,2015-11-23,-0.003051108392896129
820,2015-11-24,0.040424665786632286
821,2015-11-25,0.008038041085762337
822,2015-11-26,
823,2015-11-27,
824,2015-11-30,-0.00345679356567663
825,2015-12-01,0.0037032507449894503
826,2015-12-02,-0.016147413322538995
827,2015-12-03,0.028393463985227463
828,2015-12-04,-0.026641930946420977
829,2015-12-07,-0.06081213939675756
830,2015-12-08,-0.004793617701236208
831,2015-12-09,-0.008040783070304869
832,2015-12-10,-0.010822616458151302
833,2015-12-11,-0.030661150627181222
834,2015-12-14,0.018344038565939247
835,2015-12-15,0.027436190552898587
836,2015-12-16,-0.04858921972989316
837,2015-12-17,-0.016163686658793974
838,2015-12-18,-0.007460579798306277
839,2015-12-21,-0.0049083395784705885
840,2015-12-22,0.04443917833510547
841,2015-12-23,0.017563568938701923
842,2015-12-24,0.023125526385397777
843,2015-12-25,
844,2015-12-28,
845,2015-12-29,0.04095399900859942
846,2015-12-30,-0.034648289286762335
847,2015-12-31,0.014650289157873253
848,2016-01-01,
849,2016-01-04,
850,2016-01-05,-0.023084289683397596
851,2016-01-06,-0.0572074755350398
852,2016-01-07,-0.020220730585558844
853,2016-01-08,-0.0027071756644905243
854,2016-01-11,-0.05510524309496789
855,2016-01-12,-0.03234434599632863
856,2016-01-13,0.0
857,2016-01-14,0.02595862825613926
858,2016-01-15,-0.05836500498969022
859,2016-01-18,
860,2016-01-19,
861,2016-01-20,-0.06493668024252353
862,2016-01-21,0.10216952280468439
863,2016-01-22,0.08183726985295614
864,2016-01-25,-0.05644332263535157
865,2016-01-26,-0.025732413966478074
866,2016-01-27,0.08994095654966072
867,2016-01-28,0.027164801735760857
868,2016-01-29,0.013459153374004718
869,2016-02-01,-0.06252035698133396
870,2016-02-02,-0.055931351384685524
871,2016-02-03,0.07689910437354319
872,2016-02-04,-0.020651547452626318
873,2016-02-05,-0.024645190382542648
874,2016-02-08,-0.03797715746049857
875,2016-02-09,-0.06070877210890657
876,2016-02-10,-0.015135424065100711
877,2016-02-11,-0.050261834780888304
878,2016-02-12,0.11289221849883013
879,2016-02-15,
880,2016-02-16,
881,2016-02-17,0.05459249320113502
882,2016-02-18,0.002929212834895001
883,2016-02-19,-0.03910372292183206
884,2016-02-22,0.05841555579046842
885,2016-02-23,0.014871338773595255
886,2016-02-24,-0.04792684347067455
887,2016-02-25,0.03401137540870014
888,2016-02-26,0.007930255675977715
889,2016-02-29,0.033859423352803564
890,2016-03-01,0.04916825250118606
891,2016-03-02,0.0052204294893583025
892,2016-03-03,-0.00028930999767817767
893,2016-03-04,0.03831886430213638
894,2016-03-07,0.05393530385038936
895,2016-03-08,-0.032992130005146336
896,2016-03-09,0.025576841789649585
897,2016-03-10,0.0039793128514813425
898,2016-03-11,0.019402811102452233
899,2016-03-14,-0.0346091865477165
900,2016-03-15,-0.023940207546008452
901,2016-03-16,0.05646985084365985
902,2016-03-17,0.04428204379443823
903,2016-03-18,-0.017579558696434905
904,2016-03-21,0.01108602938588632
905,2016-03-22,0.03786096252066162
906,2016-03-23,-0.07956031499655047
907,2016-03-24,-0.003663966412480235
908,2016-03-25,
909,2016-03-28,
910,2016-03-29,-0.028840450157627373
911,2016-03-30,0.0
912,2016-03-31,0.0008124577291868107
913,2016-04-01,-0.043713737001651154
914,2016-04-04,-0.030435883597548674
915,2016-04-05,0.0063935120433331605
916,2016-04-06,0.08918167372517694
917,2016-04-07,-0.01172721329063453
918,2016-04-08,0.06336491047390114
919,2016-04-11,0.01795559461592866
920,2016-04-12,0.04020885552617548
921,2016-04-13,-0.01002155846101882
922,2016-04-14,-0.0060132472234522005
923,2016-04-15,-0.025658096614199266
924,2016-04-18,-0.016471547843433854
925,2016-04-19,0.02828270877177852
926,2016-04-20,0.044026248756490194
927,2016-04-21,0.010710230434721968
928,2016-04-22,-0.009774338929816828
929,2016-04-25,-0.025821640722482275
930,2016-04-26,0.0201931080393849
931,2016-04-27,0.06311170409437539
932,2016-04-28,0.016207100261027563
933,2016-04-29,-0.001086838494114506
934,2016-05-02,-0.027115074614171064
935,2016-05-03,-0.02488816243525349
936,2016-05-04,0.002745368917192792
937,2016-05-05,0.012712997554158445
938,2016-05-06,0.005623679200760456
939,2016-05-09,-0.025674476246321465
940,2016-05-10,0.0279151224895986
941,2016-05-11,0.03367025068117524
942,2016-05-12,0.009262317160061873
943,2016-05-13,-0.009045937196002551
944,2016-05-16,0.03193799238348083
945,2016-05-17,0.011873902655735069
946,2016-05-18,-0.0035266087789724843
947,2016-05-19,0.0008309098940877391
948,2016-05-20,-0.010226531783831483
949,2016-05-23,0.009395621889743744
950,2016-05-24,-0.0016638938946949011
951,2016-05-25,0.02182503758869192
952,2016-05-26,-0.0020387366898484416
953,2016-05-27,0.0073200814865059805
954,2016-05-30,
955,2016-05-31,
956,2016-06-01,-0.0006111846986627256
957,2016-06-02,0.0014255169912207322
958,2016-06-03,-0.009199696898423593
959,2016-06-06,0.020732449911971873
960,2016-06-07,0.01318963965097808
961,2016-06-08,0.016929538193551696
962,2016-06-09,-0.013956000468820395
963,2016-06-10,-0.02871394941232941
964,2016-06-13,-0.0040824714794069905
965,2016-06-14,-0.00821528547329331
966,2016-06-15,-0.011824637310066777
967,2016-06-16,-0.03785270106158656
968,2016-06-17,0.03952075816228362
969,2016-06-20,0.028749413285985792
970,2016-06-21,-0.009151055217357484
971,2016-06-22,0.004280915721314393
972,2016-06-23,0.0036548264033768874
973,2016-06-24,-0.054990946426359155
974,2016-06-27,-0.019460073554712576
975,2016-06-28,0.04545752205140108
976,2016-06-29,0.03927688323630729
977,2016-06-30,-0.032208246735445645
978,2016-07-01,0.015418128427564959
979,2016-07-04,
980,2016-07-05,
981,2016-07-06,0.013602760223325294
982,2016-07-07,-0.046449650085836236
983,2016-07-08,0.003311626826048464
984,2016-07-11,-0.014206676231115711
985,2016-07-12,0.04566604461800816
986,2016-07-13,-0.04254104207487286
987,2016-07-14,0.0170151050059828
988,2016-07-15,0.006333973343827459
989,2016-07-18,-0.015357914847950571
990,2016-07-19,-0.01313026541669604
991,2016-07-20,0.007142887512380014
992,2016-07-21,-0.02249307605001505
993,2016-07-22,-0.012590300223918494
994,2016-07-25,-0.02354146707358984
995,2016-07-26,-0.005676458004805429
996,2016-07-27,-0.006186077305014859
997,2016-07-28,-0.018548044685759102
998,2016-07-29,0.00991903620563317
999,2016-08-01,-0.036528144933597684
1000,2016-08-02,-0.01382800160729225
1001,2016-08-03,0.032381409503039915
1002,2016-08-04,0.02708095860267079
1003,2016-08-05,-0.0021492545586796474
1004,2016-08-08,0.02898070648210993
1005,2016-08-09,-0.006523788281957543
1006,2016-08-10,-0.0243712523573949
1007,2016-08-11,0.041291345435724214
1008,2016-08-12,0.021824007790016253
1009,2016-08-15,0.02772103440400464
1010,2016-08-16,0.01842071806767631
1011,2016-08-17,0.005140298317693137
1012,2016-08-18,0.02926216574457552
1013,2016-08-19,0.005792320704504306
1014,2016-08-22,-0.03526813883745783
1015,2016-08-23,0.015688259008446614
1016,2016-08-24,-0.026645506888868464
1017,2016-08-25,0.014583144995724329
1018,2016-08-26,0.014163644448195623
1019,2016-08-29,-0.014163644448195623
1020,2016-08-30,-0.01393526677416368
1021,2016-08-31,-0.036047859063740084
1022,2016-09-01,-0.03438016463361393
1023,2016-09-02,0.027868409278557937
1024,2016-09-05,
1025,2016-09-06,
1026,2016-09-07,0.01372917933211415
1027,2016-09-08,0.04641004697584972
1028,2016-09-09,-0.03743352255159893
1029,2016-09-12,0.00868061006430576
1030,2016-09-13,-0.030049415225829268
1031,2016-09-14,-0.029144726326163717
1032,2016-09-15,0.005258958044709328
1033,2016-09-16,-0.01864480296466331
1034,2016-09-19,0.00694608025468435
1035,2016-09-20,0.01169872270997896
1036,2016-09-21,0.033194346134565844
1037,2016-09-22,0.016843885049844687
1038,2016-09-23,-0.038474787520436315
1039,2016-09-26,0.027569554038174182
1040,2016-09-27,-0.021053409197832718
1041,2016-09-28,0.05278154809054314
1042,2016-09-29,0.013714741816664322
1043,2016-09-30,0.0
1044,2016-10-03,0.022379715629386343
1045,2016-10-04,-0.0026674890137385887
1046,2016-10-05,0.021947639759238857
1047,2016-10-06,0.013774047492116637
1048,2016-10-07,-0.013573062665794389
1049,2016-10-10,0.0
1050,2016-10-11,0.019108861698046375
1051,2016-10-12,-0.011501217398823371
1052,2016-10-13,0.0065600076220238
1053,2016-10-14,-0.0023804811875995924
1054,2016-10-17,-0.0075757938084577425
1055,2016-10-18,0.006582251749579715
1056,2016-10-19,0.025322778150865144
1057,2016-10-20,-0.02512399075333116
1058,2016-10-21,0.0059453207227591065
1059,2016-10-24,-0.008532644287710056
1060,2016-10-25,-0.014654482869555174
1061,2016-10-26,-0.014256860624865197
1062,2016-10-27,0.019500922662725184
1063,2016-10-28,-0.020116496704939646
1064,2016-10-31,-0.03956560020619104
1065,2016-11-01,-0.0036367566021664466
1066,2016-11-02,-0.029138830433478535
1067,2016-11-03,-0.01467018974779366
1068,2016-11-04,-0.013298967558116104
1069,2016-11-07,0.018212982360545027
1070,2016-11-08,0.0017809443709948525
1071,2016-11-09,0.005323881252750073
1072,2016-11-10,-0.012914897833799177
1073,2016-11-11,-0.027953189194127148
1074,2016-11-14,-0.002307338356370092
1075,2016-11-15,0.057671615975869006
1076,2016-11-16,-0.006563138850776973
1077,2016-11-17,-0.004179044903108942
1078,2016-11-18,0.007028361899307889
1079,2016-11-21,0.038429114166286915
1080,2016-11-22,0.01234971216440206
1081,2016-11-23,-0.028485943385897716
1082,2016-11-24,
1083,2016-11-25,
1084,2016-11-28,-0.022949697418322312
1085,2016-11-29,-0.008136383533526637
1086,2016-11-30,0.0870665752895361
1087,2016-12-01,0.03324019830667968
1088,2016-12-02,0.012064750350045284
1089,2016-12-05,0.00038677238927320445
1090,2016-12-06,-0.014999794234923147
1091,2016-12-07,-0.021826263260886325
1092,2016-12-08,0.019664949913405838
1093,2016-12-09,0.013092517256240388
1094,2016-12-12,0.02359821734764722
1095,2016-12-13,0.00472903557952975
1096,2016-12-14,-0.0380815245698356
1097,2016-12-15,-0.0021587683783579337
1098,2016-12-16,0.020033734299750527
1099,2016-12-19,0.003843940923787148
1100,2016-12-20,0.0017249644909682615
1101,2016-12-21,-0.015049483341619041
1102,2016-12-22,0.010442949283980152
1103,2016-12-23,0.0005769785716371878
1104,2016-12-26,
1105,2016-12-27,
1106,2016-12-28,0.022279307735813436
1107,2016-12-29,-0.0038957474370611145
1108,2016-12-30,-0.0009298001599664651
1109,2017-01-02,
1110,2017-01-03,
1111,2017-01-04,0.017042639344087007
1112,2017-01-05,0.00953011043580032
1113,2017-01-06,0.003897916768271781
1114,2017-01-09,-0.0383318900446219
1115,2017-01-10,-0.021991739653218545
1116,2017-01-11,0.026600927763303694
1117,2017-01-12,0.015589669344393098
1118,2017-01-13,-0.01233763395801546
1119,2017-01-16,
1120,2017-01-17,
1121,2017-01-18,-0.02568452477302685
1122,2017-01-19,0.005267790934858851
1123,2017-01-20,0.01812621937997827
1124,2017-01-23,0.008373027033460101
1125,2017-01-24,-0.007418008338010651
1126,2017-01-25,-0.004592430574210216
1127,2017-01-26,0.020877585021555234
1128,2017-01-27,-0.0011276077120374595
1129,2017-01-30,-0.010396086449186104
1130,2017-01-31,0.002277472990488416
1131,2017-02-01,0.02156670555877538
1132,2017-02-02,-0.006514681021193347
1133,2017-02-03,0.004843526607570592
1134,2017-02-06,-0.014978748501613737
1135,2017-02-07,-0.015589669344393098
1136,2017-02-08,0.0034430026360747767
1137,2017-02-09,0.011769308213274154
1138,2017-02-10,0.01591346883180167
1139,2017-02-13,-0.01647977370771958
1140,2017-02-14,0.0047094369795250834
1141,2017-02-15,-0.0018811141739698556
1142,2017-02-16,0.005632759917371111
1143,2017-02-17,0.0
1144,2017-02-20,
1145,2017-02-21,
1146,2017-02-22,-0.007618730525023487
1147,2017-02-23,0.016098044001810585
1148,2017-02-24,-0.009034817611061285
1149,2017-02-27,0.0009256688618024533
1150,2017-02-28,-0.0007404665277235267
1151,2017-03-01,-0.0033389012655149486
1152,2017-03-02,-0.022358845933072136
1153,2017-03-03,0.013212725246823265
1154,2017-03-06,-0.0026286158582844443
1155,2017-03-07,-0.009634531879145758
1156,2017-03-08,-0.05561866458176734
1157,2017-03-09,-0.02191201484945715
1158,2017-03-10,-0.014463062027554763
1159,2017-03-13,-0.0020833340868540162
1160,2017-03-14,-0.01491781000028558
1161,2017-03-15,0.02301838394617528
1162,2017-03-16,-0.0008278146168101408
1163,2017-03-17,0.0008278146168101408
1164,2017-03-20,-0.011442962685269897
1165,2017-03-21,-0.01624336947814342
1166,2017-03-22,0.005725813543860703
1167,2017-03-23,-0.006151254945725881
1168,2017-03-24,0.0063626937878287215
1169,2017-03-27,-0.005937252385963543
1170,2017-03-28,0.028099982634668397
1171,2017-03-29,0.02269339949302518
1172,2017-03-30,0.01663865186607616
1173,2017-03-31,0.004760024854354672
1174,2017-04-03,-0.005754555020863084
1175,2017-04-04,0.01461898812787954
1176,2017-04-05,0.0029374347959763014
1177,2017-04-06,0.01069736934490706
1178,2017-04-07,0.010775551636972747
1179,2017-04-10,0.015383457864673211
1180,2017-04-11,0.006012795266784554
1181,2017-04-12,-0.004882638808199946
1182,2017-04-13,0.0013169035860478573
1183,2017-04-14,
1184,2017-04-17,
1185,2017-04-18,-0.003045301173418835
1186,2017-04-19,-0.03827567756790362
1187,2017-04-20,-0.004565764755378066
1188,2017-04-21,-0.012412571779039538
1189,2017-04-24,-0.01501956385558012
1190,2017-04-25,0.006522648482083504
1191,2017-04-26,0.0
1192,2017-04-27,-0.005296406758839467
1193,2017-04-28,0.007123262031964117
1194,2017-05-01,-0.009782022162465598
1195,2017-05-02,-0.024462247973358053
1196,2017-05-03,0.002933782489856096
1197,2017-05-04,-0.048005788884099676
1198,2017-05-05,0.01481831429416669
1199,2017-05-08,0.004962789342128904
1200,2017-05-09,-0.013434654935778667
1201,2017-05-10,0.030930300691358603
1202,2017-05-11,0.01114744954016933
1203,2017-05-12,0.00041823505419325
1204,2017-05-15,0.021306008137389032
1205,2017-05-16,-0.004512828171682859
1206,2017-05-17,0.008190053970044353
1207,2017-05-18,0.006504087969176453
1208,2017-05-19,0.01926223279505246
1209,2017-05-22,0.009690573213455789
1210,2017-05-23,0.0060826244636387194
1211,2017-05-24,-0.002546275002214937
1212,2017-05-25,-0.04862347870941086
1213,2017-05-26,0.020581470249390943
1214,2017-05-29,
1215,2017-05-30,
1216,2017-05-31,-0.027370989713899174
1217,2017-06-01,0.000621053741109101
1218,2017-06-02,-0.013333530869465093
1219,2017-06-05,-0.00588979405606338
1220,2017-06-06,0.015283454613987058
1221,2017-06-07,-0.04962159219487905
1222,2017-06-08,-0.0026235257723841166
1223,2017-06-09,0.00306011167759479
1224,2017-06-12,0.00609227297725301
1225,2017-06-13,0.006702003250481869
1226,2017-06-14,-0.03553005303387602
1227,2017-06-15,-0.007170095696603429
1228,2017-06-16,0.005829612922151561
1229,2017-06-19,-0.011015060230677332
1230,2017-06-20,-0.02055336110586614
1231,2017-06-21,-0.020042619174529985
1232,2017-06-22,0.0011763323318589869
1233,2017-06-23,0.007729280779888548
1234,2017-06-26,0.008827002725576794
1235,2017-06-27,0.023089378682930928
1236,2017-06-28,0.011012584608045106
1237,2017-06-29,0.0031243051524572074
1238,2017-06-30,0.02508382339277926
1239,2017-07-03,
1240,2017-07-04,
1241,2017-07-05,
1242,2017-07-06,0.009047838397771013
1243,2017-07-07,-0.02829641836413721
1244,2017-07-10,0.003384097984240775
1245,2017-07-11,0.014755465565919224
1246,2017-07-12,0.009277733878236827
1247,2017-07-13,0.012672225510204083
1248,2017-07-14,0.010152371464017929
1249,2017-07-17,-0.011021181249337264
1250,2017-07-18,0.008223374624989344
1251,2017-07-19,0.014973541790162859
1252,2017-07-20,-0.007886644310037383
1253,2017-07-21,-0.020539042187914358
1254,2017-07-24,0.009348910357754647
1255,2017-07-25,0.033201602519695506
1256,2017-07-26,0.01681409617215568
1257,2017-07-27,0.009628262437345825
1258,2017-07-28,0.013567080631138317
1259,2017-07-31,0.009806943404103485
1260,2017-08-01,-0.020523859239365727
1261,2017-08-02,0.008300482923633723
1262,2017-08-03,-0.011558478067740019
1263,2017-08-04,0.010953456369340753
1264,2017-08-07,-0.004042859761711259
1265,2017-08-08,-0.006095102168959254
1266,2017-08-09,0.010541350399230431
1267,2017-08-10,-0.021401000202587284
1268,2017-08-11,0.0055470096006007275
1269,2017-08-14,-0.02531255476603711
1270,2017-08-15,-0.0004203446888286777
1271,2017-08-16,-0.01631910752058907
1272,2017-08-17,0.005752652489449783
1273,2017-08-18,0.031781893004760864
1274,2017-08-21,-0.025006512438314754
1275,2017-08-22,0.005471394120713846
1276,2017-08-23,0.016649708236564198
1277,2017-08-24,-0.025291347007613485
1278,2017-08-25,0.008641638771049287
1279,2017-08-28,-0.02658317086800155
1280,2017-08-29,0.0012922681100535627
1281,2017-08-30,-0.010820274361707849
1282,2017-08-31,0.027892818778206596
1283,2017-09-01,0.001268767351424227
1284,2017-09-04,
1285,2017-09-05,
1286,2017-09-06,0.01022922176486274
1287,2017-09-07,-0.0006108113800822323
1288,2017-09-08,-0.03439328011100473
1289,2017-09-11,0.012984475618852631
1290,2017-09-12,0.003116238109208247
1291,2017-09-13,0.022357612631113355
1292,2017-09-14,0.011294997046767286
1293,2017-09-15,0.0008019246620611931
1294,2017-09-18,-0.0004008819456369217
1295,2017-09-19,-0.006839696750622348
1296,2017-09-20,0.01502582612265968
1297,2017-09-21,0.005749991057945714
1298,2017-09-22,-0.004954920453550393
1299,2017-09-25,0.029753613887267605
1300,2017-09-26,-0.005027079418977731
1301,2017-09-27,0.010604553248797277
1302,2017-09-28,-0.010023214214887943
1303,2017-09-29,0.0009681480086256578
1304,2017-10-02,-0.02112341399524853
1305,2017-10-03,-0.0029694172071264013
1306,2017-10-04,-0.008761505668572589
1307,2017-10-05,0.015676479385007713
1308,2017-10-06,-0.028964373711942937
1309,2017-10-09,0.004852415505833818
1310,2017-10-10,0.026864614289468847
1311,2017-10-11,0.007238611280210527
1312,2017-10-12,-0.013541566950737494
1313,2017-10-13,0.01607247456083849
1314,2017-10-16,0.008326120323693509
1315,2017-10-17,0.00019280825279022196
1316,2017-10-18,0.0034642066976693364
1317,2017-10-19,-0.014708993659800829
1318,2017-10-20,0.006607097490380465
1319,2017-10-23,0.005408550947580082
1320,2017-10-24,0.007867257309805531
1321,2017-10-25,-0.006712078128592758
1322,2017-10-26,0.008430783793724306
1323,2017-10-27,0.028404053789977013
1324,2017-10-30,0.003517545050592208
1325,2017-10-31,0.004609577628298833
1326,,
