,TimeDolarReal,ReturnsDolarReal
0,2012-10-02,0.0002961939104439981
1,2012-10-03,-0.0007900454687056468
2,2012-10-04,-0.0016809219363019823
3,2012-10-05,0.0031124200705271443
4,2012-10-08,
5,2012-10-09,
6,2012-10-10,0.0022084272710872765
7,2012-10-11,-0.001913688358505139
8,2012-10-12,0.003725859786229524
9,2012-10-15,-0.0039714695136094935
10,2012-10-16,-0.0014257272393674025
11,2012-10-17,-0.00014760510740452482
12,2012-10-18,-0.002118070885187673
13,2012-10-19,-0.0005425534671551491
14,2012-10-22,-0.0014317808365624796
15,2012-10-23,0.002171553513507729
16,2012-10-24,-0.0008384503955963796
17,2012-10-25,-0.0006416426270829945
18,2012-10-26,-0.0001975113575450882
19,2012-10-29,0.0022197567383129835
20,2012-10-30,0.0007388253014323221
21,2012-10-31,-0.0005910165656670685
22,2012-11-01,0.00029555194540564766
23,2012-11-02,0.0
24,2012-11-05,0.0019681171477866632
25,2012-11-06,-0.0006884004795634224
26,2012-11-07,0.0002459117189326232
27,2012-11-08,0.0030442918532442853
28,2012-11-09,0.0038167985267009152
29,2012-11-12,
30,2012-11-13,
31,2012-11-14,0.00203301294670577
32,2012-11-15,-0.0008223883587608061
33,2012-11-16,0.005694446427110145
34,2012-11-19,-0.0026984066872192125
35,2012-11-20,0.003612285685913763
36,2012-11-21,0.007758288040713324
37,2012-11-22,
38,2012-11-23,
39,2012-11-26,-0.0016303048444353818
40,2012-11-27,-0.004231996313284636
41,2012-11-28,0.007202912294057895
42,2012-11-29,0.006105723986436273
43,2012-11-30,0.004270874427121152
44,2012-12-03,0.0010885256286724543
45,2012-12-04,-0.0003784832329799537
46,2012-12-05,-0.006075295158669891
47,2012-12-06,-0.01028840275142362
48,2012-12-07,0.000480884837350648
49,2012-12-10,0.000720893939666456
50,2012-12-11,-0.001442307942338017
51,2012-12-12,0.0002886280566506416
52,2012-12-13,-4.8098891329728666e-05
53,2012-12-14,0.0017781199869575381
54,2012-12-17,0.004933314601029193
55,2012-12-18,-0.0037336695520489016
56,2012-12-19,-0.0050482089948570286
57,2012-12-20,-0.007304775727107526
58,2012-12-21,0.008268306176947071
59,2012-12-24,0.0011069135090796545
60,2012-12-25,
61,2012-12-26,
62,2012-12-27,0.0010728568277676986
63,2012-12-28,-0.0035154569674629155
64,2012-12-31,0.0015151147787311192
65,2013-01-01,
66,2013-01-02,
67,2013-01-03,-0.003187449063744574
68,2013-01-04,-0.0004912797937179914
69,2013-01-07,-0.004432413068066854
70,2013-01-08,0.006543205889672832
71,2013-01-09,-0.0004414253204571006
72,2013-01-10,-0.0028986239558785876
73,2013-01-11,0.002457003693052129
74,2013-01-14,-0.0036385132087283223
75,2013-01-15,0.0036385132087283223
76,2013-01-16,0.0014713097308426404
77,2013-01-17,0.0009796718882975064
78,2013-01-18,0.0007830470717734572
79,2013-01-21,
80,2013-01-22,
81,2013-01-23,-0.005042480025698515
82,2013-01-24,-0.004426962468515816
83,2013-01-25,0.00024645717931270905
84,2013-01-28,-0.012996859370024927
85,2013-01-29,-0.006763383412858093
86,2013-01-30,-0.0016602524378138694
87,2013-01-31,0.0007550019233691918
88,2013-02-01,-0.003275799829936088
89,2013-02-04,0.00518592406607854
90,2013-02-05,-0.0036726829198113764
91,2013-02-06,0.0003527603533947099
92,2013-02-07,-0.007028217528404768
93,2013-02-08,0.0008622220502212397
94,2013-02-11,-5.0698370058333e-05
95,2013-02-12,-0.002233276737772294
96,2013-02-13,-0.0008641944466873941
97,2013-02-14,-0.0037194652209704415
98,2013-02-15,0.001275347705066432
99,2013-02-18,
100,2013-02-19,
101,2013-02-20,0.0020934930671842045
102,2013-02-21,0.006203620017436906
103,2013-02-22,-0.000862134597102937
104,2013-02-25,-0.0011168080758739984
105,2013-02-26,0.010961643363525675
106,2013-02-27,-0.006501875177000183
107,2013-02-28,-0.0004552006754878768
108,2013-03-01,0.0031316320168759404
109,2013-03-04,-0.0015645901190527445
110,2013-03-05,-0.007300042557380482
111,2013-03-06,0.0006612243062816825
112,2013-03-07,-0.0036676725949220668
113,2013-03-08,-0.005886133437205787
114,2013-03-11,0.005784061374240812
115,2013-03-12,0.0013770945485872543
116,2013-03-13,-0.0002548744757011612
117,2013-03-14,0.002545826222256964
118,2013-03-15,0.004566217979581233
119,2013-03-18,0.005552765403208149
120,2013-03-19,0.000452955542609379
121,2013-03-20,-0.000452955542609379
122,2013-03-21,0.0034674272787023064
123,2013-03-22,0.011769535420855792
124,2013-03-25,-0.0016870941331056377
125,2013-03-26,-0.0034325830286340286
126,2013-03-27,0.0032835850398312827
127,2013-03-28,0.0013401833589559153
128,2013-03-29,0.0024770882123617
129,2013-04-01,-0.001485516490066785
130,2013-04-02,-0.0002478007694503015
131,2013-04-03,0.0029695641718163746
132,2013-04-04,-0.002721763402366073
133,2013-04-05,-0.01271679024918404
134,2013-04-08,-0.001758131810397856
135,2013-04-09,-0.0012577035993186492
136,2013-04-10,-0.005046692517913454
137,2013-04-11,-0.002279347574159485
138,2013-04-12,-0.0015224565234550624
139,2013-04-15,0.0032957312123198523
140,2013-04-16,0.0105741166518305
141,2013-04-17,0.0017515330388063743
142,2013-04-18,0.008959741371471819
143,2013-04-19,-0.005216755092637526
144,2013-04-22,0.0031333176605977675
145,2013-04-23,0.0003475411498875536
146,2013-04-24,0.003963344301244787
147,2013-04-25,-0.005453657542803914
148,2013-04-26,-0.004933851677196177
149,2013-04-29,-4.996128001832911e-05
150,2013-04-30,-0.0012498439322281563
151,2013-05-01,0.003744855206571196
152,2013-05-02,0.0031348767991500326
153,2013-05-03,-0.0014915728912631154
154,2013-05-06,0.0010940376047715583
155,2013-05-07,-0.001691290260391276
156,2013-05-08,-0.004140792666031179
157,2013-05-09,0.0003498862905260136
158,2013-05-10,0.013156451405834546
159,2013-05-13,-0.005539358345537981
160,2013-05-14,-0.005420606554205065
161,2013-05-15,0.011206543621248954
162,2013-05-16,-0.0017767253711509223
163,2013-05-17,0.005910182688258048
164,2013-05-20,-0.00034380295518054993
165,2013-05-21,0.0007856617148550571
166,2013-05-22,0.0012263620285623
167,2013-05-23,0.0062555183951962245
168,2013-05-24,-0.00048730569650057287
169,2013-05-27,
170,2013-05-28,
171,2013-05-29,0.014117203626333508
172,2013-05-30,0.005800149378344166
173,2013-05-31,0.0057667015546774
174,2013-06-03,0.006951321965008805
175,2013-06-04,0.0020573252685970322
176,2013-06-05,-0.00693698586835656
177,2013-06-06,0.0004232207159170498
178,2013-06-07,0.0032856166614615434
179,2013-06-10,0.0011708232223809345
180,2013-06-11,0.0029444089227255166
181,2013-06-12,0.0019581338719758534
182,2013-06-13,-0.0005124740963330376
183,2013-06-14,-0.003127117434769122
184,2013-06-17,0.008564565477841346
185,2013-06-18,0.0029618681408520864
186,2013-06-19,0.004748412674640878
187,2013-06-20,0.04108871146617965
188,2013-06-21,0.0011029007404498303
189,2013-06-24,-0.008901938809267929
190,2013-06-25,-0.01217398555816085
191,2013-06-26,-0.00963786560337987
192,2013-06-27,-0.005928240262975781
193,2013-06-28,0.009604297864256872
194,2013-07-01,0.009243668569059671
195,2013-07-02,0.005148304600180009
196,2013-07-03,0.009466106282908338
197,2013-07-04,
198,2013-07-05,
199,2013-07-08,-0.001326260141353508
200,2013-07-09,0.000663349941405933
201,2013-07-10,0.00493915274690071
202,2013-07-11,-0.002731158915437515
203,2013-07-12,0.0003087304587118256
204,2013-07-15,-0.010060580789886031
205,2013-07-16,-0.0004900978065977002
206,2013-07-17,-0.005541418300432421
207,2013-07-18,-0.0014799204441083846
208,2013-07-19,0.002823404748290015
209,2013-07-22,-0.0012538625081008892
210,2013-07-23,-0.004716036497953158
211,2013-07-24,0.007892417649752237
212,2013-07-25,0.00880514427236545
213,2013-07-26,-0.0027044418070769627
214,2013-07-29,0.0035453172521668908
215,2013-07-30,0.005514517117883422
216,2013-07-31,0.011243200877828152
217,2013-08-01,-0.00030456632167041864
218,2013-08-02,-0.004579661259024537
219,2013-08-05,0.006145015087661743
220,2013-08-06,-0.004005229559755685
221,2013-08-07,0.002657432568700324
222,2013-08-08,-0.010364599813638242
223,2013-08-09,-0.0016718733270861819
224,2013-08-12,0.0008802817469848456
225,2013-08-13,0.014543963918083658
226,2013-08-14,0.0029008744608123305
227,2013-08-15,0.012331778076527522
228,2013-08-16,0.007148662416349594
229,2013-08-19,0.018317531022381428
230,2013-08-20,-0.0025844116093833858
231,2013-08-21,0.011082400445387441
232,2013-08-22,0.009776212592096045
233,2013-08-23,-0.03261406979233139
234,2013-08-26,0.007531011465379045
235,2013-08-27,0.002804346479263864
236,2013-08-28,-0.02655641736143266
237,2013-08-29,0.011692046998081684
238,2013-08-30,0.010004093481098209
239,2013-09-02,
240,2013-09-03,
241,2013-09-04,-0.012414127251568985
242,2013-09-05,-0.013000525216696146
243,2013-09-06,-0.014393728082191637
244,2013-09-09,-0.0044202352107841625
245,2013-09-10,0.005729421520403344
246,2013-09-11,-0.002008120463530716
247,2013-09-12,-0.007368454391096346
248,2013-09-13,0.004786904465846176
249,2013-09-16,-0.004170788616580379
250,2013-09-17,-0.007950571915764537
251,2013-09-18,-0.0053803015579986235
252,2013-09-19,-0.016271484489745136
253,2013-09-20,-0.0009067416860997213
254,2013-09-23,-0.002270457791257563
255,2013-09-24,-0.0008641273988539977
256,2013-09-25,0.010995834674529581
257,2013-09-26,0.0071299151845173325
258,2013-09-27,0.008763986072056307
259,2013-09-30,-0.017154765115243498
260,2013-10-01,0.0021155455417897207
261,2013-10-02,-0.009441916951953622
262,2013-10-03,0.002493371194510985
263,2013-10-04,-0.003674223361884388
264,2013-10-07,0.000999273338965767
265,2013-10-08,-0.0004995118510873198
266,2013-10-09,0.0029027596579614956
267,2013-10-10,-0.0141852819900955
268,2013-10-11,0.0035308990025523235
269,2013-10-14,
270,2013-10-15,
271,2013-10-16,-0.00913880633441666
272,2013-10-17,0.002223149449751105
273,2013-10-18,0.0006937218453720861
274,2013-10-21,0.004520511411318373
275,2013-10-22,-0.002534505170020629
276,2013-10-23,0.006072055088464645
277,2013-10-24,0.006536717901999167
278,2013-10-25,-0.0035601845080525107
279,2013-10-28,-0.0019222853646908566
280,2013-10-29,-0.0019718897545799585
281,2013-10-30,0.0034368231789869697
282,2013-10-31,0.01700914121426733
283,2013-11-01,0.015618345143907697
284,2013-11-04,-0.007109561161707689
285,2013-11-05,0.018774709395353972
286,2013-11-06,0.0006562397698047784
287,2013-11-07,0.00566944388186863
288,2013-11-08,0.008918580199726023
289,2013-11-11,
290,2013-11-12,
291,2013-11-13,-0.0018899537432695013
292,2013-11-14,-0.00129065583223531
293,2013-11-15,-0.003838776307165781
294,2013-11-18,-0.018977557215616003
295,2013-11-19,-0.0014103753054089951
296,2013-11-20,0.0014103753054089951
297,2013-11-21,0.01638127708998416
298,2013-11-22,-0.007480247108287874
299,2013-11-25,-0.0003492839714168694
300,2013-11-26,0.0034873618604156498
301,2013-11-27,0.004342169219289094
302,2013-11-28,
303,2013-11-29,
304,2013-12-02,0.007893374316370938
305,2013-12-03,0.0056787032291727435
306,2013-12-04,0.005058179727352563
307,2013-12-05,-0.006919274926580288
308,2013-12-06,-0.0120108773853006
309,2013-12-09,-0.006059973417782416
310,2013-12-10,-0.003930635905306401
311,2013-12-11,0.008704325220000864
312,2013-12-12,0.003511931315259953
313,2013-12-13,-0.000855432045321014
314,2013-12-16,-0.0066545270788817
315,2013-12-17,-0.001465643852328502
316,2013-12-18,0.012049113463972194
317,2013-12-19,0.003106583769576954
318,2013-12-20,0.008714836440425255
319,2013-12-23,-0.0023615749178157452
320,2013-12-24,-0.004867219427675318
321,2013-12-25,
322,2013-12-26,
323,2013-12-27,-0.00033997705482369245
324,2013-12-30,-0.00012752120057246685
325,2013-12-31,0.003564461042928735
326,2014-01-01,
327,2014-01-02,
328,2014-01-03,-0.007691380975560658
329,2014-01-06,-0.0036573871562570748
330,2014-01-07,-0.0005055185885730618
331,2014-01-08,0.00634256037815395
332,2014-01-09,0.005595004157075034
333,2014-01-10,-0.015610236835786773
334,2014-01-13,-0.004450574263708429
335,2014-01-14,0.0007219143783387949
336,2014-01-15,-0.0024225950603562474
337,2014-01-16,0.007672617703771478
338,2014-01-17,-0.0055472183914579976
339,2014-01-20,
340,2014-01-21,
341,2014-01-22,0.005025454525949713
342,2014-01-23,0.006549966734955559
343,2014-01-24,0.004717876107944385
344,2014-01-27,0.007345498136880568
345,2014-01-28,0.0031787340737812197
346,2014-01-29,0.004072152553523223
347,2014-01-30,-0.009403294428774744
348,2014-01-31,-0.0007046778463171144
349,2014-02-03,0.010600441608309974
350,2014-02-04,-0.012925251688936212
351,2014-02-05,-0.0037476621002399124
352,2014-02-06,-0.004683457586538764
353,2014-02-07,-0.0015940269326000234
354,2014-02-10,0.004398373411863887
355,2014-02-11,0.006582260059178835
356,2014-02-12,0.0015766329711895954
357,2014-02-13,0.0005802387430697831
358,2014-02-14,-0.011501564469348358
359,2014-02-17,
360,2014-02-18,
361,2014-02-19,-0.00029290541456772345
362,2014-02-20,-0.007645811066148922
363,2014-02-21,-0.006260860588278461
364,2014-02-24,-0.011309199804039216
365,2014-02-25,0.0016295728122607267
366,2014-02-26,0.00670469917086336
367,2014-02-27,-0.007690702294494756
368,2014-02-28,0.000257311949271144
369,2014-03-03,0.00385175516862557
370,2014-03-04,-0.00021359762560657636
371,2014-03-05,-0.005354822485430399
372,2014-03-06,-0.009928424817603476
373,2014-03-07,0.014300110161715618
374,2014-03-10,0.0024347020975556966
375,2014-03-11,0.002343667845967179
376,2014-03-12,0.005179159140235479
377,2014-03-13,-0.00241643291162863
378,2014-03-14,0.0010181572235402614
379,2014-03-17,-0.0022073190047164903
380,2014-03-18,-0.004984354366704635
381,2014-03-19,-0.004494389587839209
382,2014-03-20,0.0012433279914183526
383,2014-03-21,-0.005327159567199202
384,2014-03-24,0.00021535479786050082
385,2014-03-25,-0.005527739071058191
386,2014-03-26,-0.0013867223577742616
387,2014-03-27,-0.01701294013422039
388,2014-03-28,-0.0019426912375019034
389,2014-03-31,-0.003320129657379378
390,2014-04-01,0.003275933692463706
391,2014-04-02,0.0034414329134118127
392,2014-04-03,0.004000093247717884
393,2014-04-04,-0.01734633520061246
394,2014-04-07,-0.008697266335721321
395,2014-04-08,-0.012186157281986798
396,2014-04-09,0.009706612247656898
397,2014-04-10,-0.009068711829616327
398,2014-04-11,0.005496391224898978
399,2014-04-14,0.0009508501769126543
400,2014-04-15,0.011653413019007575
401,2014-04-16,0.0
402,2014-04-17,0.005931823918286949
403,2014-04-18,-0.005261058102192573
404,2014-04-21,-0.000447127215139842
405,2014-04-22,0.0029027596579613846
406,2014-04-23,-0.0023662309855182473
407,2014-04-24,-0.0063224657394870265
408,2014-04-25,0.005651759908267495
409,2014-04-28,-0.002104462683680919
410,2014-04-29,-0.004717519700375594
411,2014-04-30,0.006956159542832907
412,2014-05-01,-0.0011186934828165684
413,2014-05-02,-0.0070992390181900955
414,2014-05-05,0.006606617140295423
415,2014-05-06,-0.0020626885031892472
416,2014-05-07,-0.0021119332031434013
417,2014-05-08,-0.008265816388606462
418,2014-05-09,0.0046156016598964955
419,2014-05-12,0.0018042404533579193
420,2014-05-13,-0.004290398361799341
421,2014-05-14,-0.0023562474085022656
422,2014-05-15,0.009346917438048385
423,2014-05-16,-0.006085897291959186
424,2014-05-19,-0.003397127035576264
425,2014-05-20,0.0027186242389932724
426,2014-05-21,-0.0011318620336834284
427,2014-05-22,0.004745235432197292
428,2014-05-23,-0.0011729148274799428
429,2014-05-26,
430,2014-05-27,
431,2014-05-28,0.0007596237993456878
432,2014-05-29,-0.008973498836124971
433,2014-05-30,0.0079456346918233
434,2014-06-02,0.014206676231115822
435,2014-06-03,0.0004407227925016244
436,2014-06-04,0.00663141140332657
437,2014-06-05,-0.009941576623781034
438,2014-06-06,-0.0088364510056399
439,2014-06-09,-0.005770149975044547
440,2014-06-10,-0.0009424859885774906
441,2014-06-11,0.0011219064609346852
442,2014-06-12,0.0006277182647940194
443,2014-06-13,-0.00022413986421299104
444,2014-06-16,0.0015231613015586065
445,2014-06-17,0.009888722006827333
446,2014-06-18,-0.001552554263109296
447,2014-06-19,4.439216035168059e-05
448,2014-06-20,-0.00744094149895802
449,2014-06-23,-0.008308120091255367
450,2014-06-24,0.0012168467148123696
451,2014-06-25,-0.005827232751380751
452,2014-06-26,-0.0007704684375791082
453,2014-06-27,-0.003724737442806325
454,2014-06-30,0.002545224535562385
455,2014-07-01,-0.0006811216065345516
456,2014-07-02,0.006970877404098852
457,2014-07-03,-0.0002706848342792778
458,2014-07-04,
459,2014-07-07,
460,2014-07-08,-0.002616975729882065
461,2014-07-09,-0.00022592232886464725
462,2014-07-10,0.00423882308560275
463,2014-07-11,-0.0010354997210978434
464,2014-07-14,-0.002932222694129627
465,2014-07-15,0.004597502013190757
466,2014-07-16,-8.994423463515311e-05
467,2014-07-17,0.009444800631404293
468,2014-07-18,-0.005360506001523602
469,2014-07-21,-0.005929936514168621
470,2014-07-22,-0.005602761809726964
471,2014-07-23,0.005152088044831915
472,2014-07-24,-0.0005410767559185237
473,2014-07-25,0.005128447067303865
474,2014-07-28,0.0005383097205174936
475,2014-07-29,-0.0003588409476021903
476,2014-07-30,0.010842753974206865
477,2014-07-31,0.0072077961345659025
478,2014-08-01,-0.0009698039111434298
479,2014-08-04,-0.003667296720321511
480,2014-08-05,0.00789228320056301
481,2014-08-06,-0.0007029259581236014
482,2014-08-07,0.0056970222887576805
483,2014-08-08,0.003315595045083164
484,2014-08-11,-0.009628083128975562
485,2014-08-12,-4.397634073594059e-05
486,2014-08-13,0.0010109668780439174
487,2014-08-14,-0.002331157177166032
488,2014-08-15,0.001188249672212871
489,2014-08-18,-0.006220928491501798
490,2014-08-19,-0.0017718720028837565
491,2014-08-20,-0.0007983678238308034
492,2014-08-21,0.0007983678238308034
493,2014-08-22,0.010101764369205957
494,2014-08-25,0.001710264192175015
495,2014-08-26,-0.004303159358197695
496,2014-08-27,-0.005781255758805615
497,2014-08-28,-0.0032361770457619565
498,2014-08-29,-0.006235822620982656
499,2014-09-01,
500,2014-09-02,
501,2014-09-03,-0.00914756161152952
502,2014-09-04,0.004070956480022092
503,2014-09-05,0.001828765647166275
504,2014-09-08,0.0025813357161384998
505,2014-09-09,0.014430010110398128
506,2014-09-10,0.005722913765083826
507,2014-09-11,-0.0032287649673640173
508,2014-09-12,0.018145702826867893
509,2014-09-15,0.006416859800683072
510,2014-09-16,-0.009597742812822996
511,2014-09-17,0.009896193005833331
512,2014-09-18,0.006119866104243532
513,2014-09-19,0.006124752509108378
514,2014-09-22,0.004831028740943322
515,2014-09-23,0.009924605043000745
516,2014-09-24,-0.0032417633643107013
517,2014-09-25,0.0065144107061752
518,2014-09-26,0.0026434280809465305
519,2014-09-29,0.008829444847757828
520,2014-09-30,0.001062482221645178
521,2014-10-01,0.010644016802960676
522,2014-10-02,0.005440600197525791
523,2014-10-03,-0.00044220217399648654
524,2014-10-06,-0.032031498977025286
525,2014-10-07,-0.007710459771949396
526,2014-10-08,0.015485519617831067
527,2014-10-09,-0.014607281056896793
528,2014-10-10,0.007247313990210169
529,2014-10-13,
530,2014-10-14,
531,2014-10-15,0.01862020033182865
532,2014-10-16,0.014205998546829801
533,2014-10-17,-0.01687425406557652
534,2014-10-20,0.009287549116144378
535,2014-10-21,0.0053612898004777865
536,2014-10-22,0.0009716993355357584
537,2014-10-23,0.01278666396082584
538,2014-10-24,-0.014974316753574524
539,2014-10-27,0.030829419192857532
540,2014-10-28,-0.028884602729616904
541,2014-10-29,-0.014514871374225136
542,2014-10-30,-0.012023199351607228
543,2014-10-31,0.019633087969985752
544,2014-11-03,0.01733411752992986
545,2014-11-04,0.008535810272270905
546,2014-11-05,-0.004298685173865335
547,2014-11-06,0.018613091935497983
548,2014-11-07,0.006400521401767945
549,2014-11-10,-0.01185761442534028
550,2014-11-11,
551,2014-11-12,
552,2014-11-13,0.01657045188614814
553,2014-11-14,0.0041576900052907595
554,2014-11-17,-0.0005379856410739903
555,2014-11-18,-0.002385993050361246
556,2014-11-19,-0.008124150065011548
557,2014-11-20,-0.0010104544017800476
558,2014-11-21,-0.018483799066757123
559,2014-11-24,0.009107997906105059
560,2014-11-25,-0.007010938954120749
561,2014-11-26,-0.011688599660666599
562,2014-11-27,
563,2014-11-28,
564,2014-12-01,-0.003895602900830575
565,2014-12-02,0.004556348790349829
566,2014-12-03,-0.0073314683184214635
567,2014-12-04,0.009039609577725094
568,2014-12-05,0.00884329294231867
569,2014-12-08,0.005062136902799774
570,2014-12-09,-0.007718487716957045
571,2014-12-10,0.006340444320195093
572,2014-12-11,0.012901931551345114
573,2014-12-12,0.010345244150501864
574,2014-12-15,0.007345708590460132
575,2014-12-16,0.014348401003654643
576,2014-12-17,-0.01460849352374538
577,2014-12-18,-0.017090589134958867
578,2014-12-19,0.003170292510389139
579,2014-12-22,-0.0002261164509350655
580,2014-12-23,0.01733715521785051
581,2014-12-24,-0.0017054095261540558
582,2014-12-25,
583,2014-12-26,
584,2014-12-29,
585,2014-12-30,-0.01377427104633333
586,2014-12-31,-0.0015798980114456462
587,2015-01-01,
588,2015-01-02,
589,2015-01-05,0.011686553533101218
590,2015-01-06,-0.009982218181678104
591,2015-01-07,-0.0004813656064658334
592,2015-01-08,-0.013610725635366694
593,2015-01-09,-0.009809548572731752
594,2015-01-12,0.011235226010880894
595,2015-01-13,-0.011576516471333398
596,2015-01-14,-0.008417333695684204
597,2015-01-15,0.006823102953778748
598,2015-01-16,-0.003767916311511854
599,2015-01-19,
600,2015-01-20,
601,2015-01-21,-0.006368715176942041
602,2015-01-22,-0.013094364448530182
603,2015-01-23,0.006258645475679558
604,2015-01-26,0.0005811138178060116
605,2015-01-27,-0.003219740159558504
606,2015-01-28,0.0034133697467643165
607,2015-01-29,0.011090259611326814
608,2015-01-30,0.02757180471269205
609,2015-02-02,0.00901190990345857
610,2015-02-03,-0.002587706149913105
611,2015-02-04,0.014223213368364296
612,2015-02-05,-0.0035460381890710657
613,2015-02-06,0.013639799001968766
614,2015-02-09,0.006876343405563645
615,2015-02-10,0.015380536747337192
616,2015-02-11,0.014729872830641755
617,2015-02-12,-0.01752490021234543
618,2015-02-13,0.0016991756008635228
619,2015-02-16,
620,2015-02-17,
621,2015-02-18,0.006237136346255223
622,2015-02-19,0.003891669387047436
623,2015-02-20,0.006800256367145208
624,2015-02-23,-0.0029585305511468096
625,2015-02-24,-0.007909052601308586
626,2015-02-25,0.006792981056887637
627,2015-02-26,0.005220853458502317
628,2015-02-27,-0.006547808292314938
629,2015-03-02,0.005123479830713373
630,2015-03-03,0.0069978807016313205
631,2015-03-04,0.02801551570830285
632,2015-03-05,0.0057237692039164845
633,2015-03-06,0.021136152233818706
634,2015-03-09,0.013438270262154939
635,2015-03-10,0.00828414704215219
636,2015-03-11,-0.012613997415300338
637,2015-03-12,0.011782263522182701
638,2015-03-13,0.04254227927105014
639,2015-03-16,-0.01237498240743129
640,2015-03-17,0.013202733577522885
641,2015-03-18,0.003517952816752601
642,2015-03-19,0.0056031085412793225
643,2015-03-20,-0.0222616927774848
644,2015-03-23,-0.019122240293631743
645,2015-03-24,-0.0019642014868825886
646,2015-03-25,0.0023755613534537368
647,2015-03-26,0.005017603660206538
648,2015-03-27,0.02006923076952849
649,2015-03-30,0.003172796722636262
650,2015-03-31,-0.02088394367793489
651,2015-04-01,-0.009339080340261985
652,2015-04-02,-0.005530846902690678
653,2015-04-03,-0.005529555584790735
654,2015-04-06,-0.007689746873933867
655,2015-04-07,0.0046402300254801965
656,2015-04-08,-0.008166999895230509
657,2015-04-09,-0.016569818783934265
658,2015-04-10,0.014363315195477622
659,2015-04-13,0.012043864605734589
660,2015-04-14,-0.012206299835044288
661,2015-04-15,-0.006780792077299536
662,2015-04-16,-0.012872393836983909
663,2015-04-17,0.015094253924368584
664,2015-04-20,-0.006319084627009142
665,2015-04-21,-0.0038173009365725097
666,2015-04-22,-0.01134002005967405
667,2015-04-23,-0.006054036385125583
668,2015-04-24,-0.005922154661590184
669,2015-04-27,-0.019837051296596186
670,2015-04-28,-0.0016192661718004153
671,2015-04-29,0.013391757631666001
672,2015-04-30,0.02446605215440667
673,2015-05-01,0.000796469029592739
674,2015-05-04,0.01889483633810274
675,2015-05-05,-0.004404215584943305
676,2015-05-06,-0.0032749333347488196
677,2015-05-07,-0.0031211524310776895
678,2015-05-08,-0.019336793069469005
679,2015-05-11,0.0191722517280859
680,2015-05-12,-0.0053458416645699725
681,2015-05-13,0.001388705420901859
682,2015-05-14,-0.01179905670179382
683,2015-05-15,-0.0043894255334138155
684,2015-05-18,0.011385955823250082
685,2015-05-19,0.0018243640519022275
686,2015-05-20,0.004397937085531822
687,2015-05-21,0.004050121606732793
688,2015-05-22,0.008963682105502802
689,2015-05-25,
690,2015-05-26,
691,2015-05-27,0.006930736479263899
692,2015-05-28,0.0014811782800288054
693,2015-05-29,0.0031441623135135544
694,2015-06-01,-0.006298241572361807
695,2015-06-02,-0.008374886370271728
696,2015-06-03,-0.009216950070379815
697,2015-06-04,0.010967511492645965
698,2015-06-05,0.005011905812402517
699,2015-06-08,-0.012032613741158382
700,2015-06-09,-0.008878081988723308
701,2015-06-10,0.002033472288585081
702,2015-06-11,0.013006334039928236
703,2015-06-12,-0.013070825204660963
704,2015-06-15,-0.001710533102771583
705,2015-06-16,0.0030317713917480393
706,2015-06-17,-0.0034194684759532024
707,2015-06-18,-0.017636681495407647
708,2015-06-19,0.015728314833404422
709,2015-06-22,-0.001749838424455863
710,2015-06-23,0.0025912624223194403
711,2015-06-24,-0.0009385569567716967
712,2015-06-25,0.008383359861585227
713,2015-06-26,0.0025333924111257122
714,2015-06-29,0.0057484270324121844
715,2015-06-30,-0.00950270312932422
716,2015-07-01,0.005226464802926545
717,2015-07-02,-0.005097880515749109
718,2015-07-03,
719,2015-07-06,
720,2015-07-07,0.014236576251776656
721,2015-07-08,0.012892555259854888
722,2015-07-09,-0.005865119452397982
723,2015-07-10,-0.009255272120104463
724,2015-07-13,-0.010325157641553728
725,2015-07-14,-0.00988780701990355
726,2015-07-15,0.010649252534025155
727,2015-07-16,-0.006075951952355885
728,2015-07-17,0.018180881780145874
729,2015-07-20,0.006496165759989125
730,2015-07-21,-0.012467270867558389
731,2015-07-22,0.01585473428859485
732,2015-07-23,0.01935722714059307
733,2015-07-24,0.013300480213285892
734,2015-07-27,0.0077174263560801926
735,2015-07-28,0.011288841532602678
736,2015-07-29,-0.018826114758035084
737,2015-07-30,0.011581527577992023
738,2015-07-31,0.011272878841482425
739,2015-08-03,0.011930426638735891
740,2015-08-04,0.005955496064348864
741,2015-08-05,0.005490333868606978
742,2015-08-06,0.022674137686798046
743,2015-08-07,-0.011357833643447446
744,2015-08-10,-0.016633707314339663
745,2015-08-11,0.011091322413242954
746,2015-08-12,-0.01034230186658558
747,2015-08-13,0.01207937746747434
748,2015-08-14,-0.014963301600379175
749,2015-08-17,0.002970313489789822
750,2015-08-18,-0.003028076890914999
751,2015-08-19,0.01142968045500381
752,2015-08-20,-0.011602990680740888
753,2015-08-21,0.010145660194644135
754,2015-08-24,0.01614013394528624
755,2015-08-25,-0.002338193895752072
756,2015-08-26,0.02443392808220457
757,2015-08-27,-0.02322189213649173
758,2015-08-28,0.012290704433730593
759,2015-08-31,0.007429619449490055
760,2015-09-01,0.013960539949821715
761,2015-09-02,0.018191152608775685
762,2015-09-03,0.00419030438982082
763,2015-09-04,0.014489941514197469
764,2015-09-07,
765,2015-09-08,
766,2015-09-09,-0.004764357994184731
767,2015-09-10,0.01796432009196902
768,2015-09-11,0.00439595246592428
769,2015-09-14,-0.009488327522705342
770,2015-09-15,0.006853075648869389
771,2015-09-16,-0.010401862088622815
772,2015-09-17,0.017490890938549164
773,2015-09-18,0.007166654681875828
774,2015-09-21,0.017720158819344523
775,2015-09-22,0.014403054920485214
776,2015-09-23,0.014782760650947635
777,2015-09-24,0.013175421158564404
778,2015-09-25,-0.05299105974220164
779,2015-09-28,0.014605772536672834
780,2015-09-29,0.02101545406443517
781,2015-09-30,-0.03397655181265513
782,2015-10-01,0.011287624401743912
783,2015-10-02,-0.007301042279380443
784,2015-10-05,-0.02004238206245401
785,2015-10-06,-0.01339732957182127
786,2015-10-07,-0.007395922852761361
787,2015-10-08,0.004501564826396853
788,2015-10-09,-0.02528098253857225
789,2015-10-12,
790,2015-10-13,
791,2015-10-14,0.001356286071236834
792,2015-10-15,0.0014065066262645143
793,2015-10-16,0.0027811368596029062
794,2015-10-19,0.012330548840262967
795,2015-10-20,-0.004110474637892381
796,2015-10-21,0.017075671088829347
797,2015-10-22,-0.006729073294364563
798,2015-10-23,-0.007287823288139705
799,2015-10-26,-0.004527222466409242
800,2015-10-27,0.005502006423749206
801,2015-10-28,-0.010516102891884982
802,2015-10-29,0.00972095581191268
803,2015-10-30,-0.013745210590528023
804,2015-11-02,0.0016635911403444226
805,2015-11-03,-0.024317387564562365
806,2015-11-04,0.009745323670611095
807,2015-11-05,-0.003616926918477592
808,2015-11-06,0.006485312195890547
809,2015-11-09,-0.005269410164084887
810,2015-11-10,0.0032439731479549927
811,2015-11-11,
812,2015-11-12,
813,2015-11-13,0.008852986248765626
814,2015-11-16,0.005867413664445209
815,2015-11-17,-0.008800965625473722
816,2015-11-18,-0.005497337515786738
817,2015-11-19,-0.014585999637119818
818,2015-11-20,-0.008520068203802467
819,2015-11-23,0.005142230023469585
820,2015-11-24,-0.004710451087573286
821,2015-11-25,0.011908095443031508
822,2015-11-26,
823,2015-11-27,
824,2015-11-30,0.03248545514448842
825,2015-12-01,-0.012675553394061678
826,2015-12-02,0.0036823857802903426
827,2015-12-03,-0.022803527536337187
828,2015-12-04,-0.008937655920743692
829,2015-12-07,0.004505412774393536
830,2015-12-08,0.011556847787847824
831,2015-12-09,-0.020400197475852977
832,2015-12-10,0.013937414987196917
833,2015-12-11,0.026223132830564433
834,2015-12-14,0.004655178603348409
835,2015-12-15,0.0007182065665514159
836,2015-12-16,0.010737023106756727
837,2015-12-17,-0.009378971317698381
838,2015-12-18,0.007220432190933712
839,2015-12-21,0.022497712614963694
840,2015-12-22,-0.0062585136523480855
841,2015-12-23,-0.007733679885421285
842,2015-12-24,-0.007946391301934641
843,2015-12-25,
844,2015-12-28,
845,2015-12-29,0.00843799760518027
846,2015-12-30,0.024443771938930103
847,2015-12-31,-0.007222610135217744
848,2016-01-01,
849,2016-01-04,
850,2016-01-05,-0.012512396738209697
851,2016-01-06,0.0013703581270185783
852,2016-01-07,0.008454560878910389
853,2016-01-08,-0.0005927096883977523
854,2016-01-11,-0.0003953350516008314
855,2016-01-12,-0.00024716379670541855
856,2016-01-13,-0.013964656222728022
857,2016-01-14,0.0034782643763247023
858,2016-01-15,0.01112889069470957
859,2016-01-18,
860,2016-01-19,
861,2016-01-20,0.016756399563606417
862,2016-01-21,0.004757175059703966
863,2016-01-22,-0.0057795207015463035
864,2016-01-25,-0.0042466017837532455
865,2016-01-26,-0.004559501942204447
866,2016-01-27,-0.0035442701209031924
867,2016-01-28,0.010351348315249531
868,2016-01-29,-0.015121441763345178
869,2016-02-01,-0.012414468301708448
870,2016-02-02,0.00047648306251879546
871,2016-02-03,-0.010256758642297026
872,2016-02-04,-0.01770998077796082
873,2016-02-05,0.008114468169009292
874,2016-02-08,-0.0031250025431353023
875,2016-02-09,-0.002980398393330308
876,2016-02-10,0.012859858415416925
877,2016-02-11,0.008549438694344103
878,2016-02-12,0.0015100420647591317
879,2016-02-15,
880,2016-02-16,
881,2016-02-17,-0.01760801522992539
882,2016-02-18,0.008370131443133921
883,2016-02-19,0.0058795242494575906
884,2016-02-22,-0.027535027768697873
885,2016-02-23,0.010370650679952798
886,2016-02-24,0.000855195363638428
887,2016-02-25,-0.01224339891694104
888,2016-02-26,0.02090492952336631
889,2016-02-29,-0.008183945668922554
890,2016-03-01,-0.008023457283106383
891,2016-03-02,-0.013440137025195975
892,2016-03-03,-0.018188443475727123
893,2016-03-04,-0.025581989823392215
894,2016-03-07,0.012396026774197821
895,2016-03-08,-0.0006360480430687154
896,2016-03-09,-0.021951218428828856
897,2016-03-10,-0.005543492456928867
898,2016-03-11,-0.014602806699973936
899,2016-03-14,0.0027336378525879557
900,2016-03-15,0.02808661709387872
901,2016-03-16,0.0185938208530938
902,2016-03-17,-0.04844678400277491
903,2016-03-18,-0.004179879028615385
904,2016-03-21,0.00038827412640762837
905,2016-03-22,-0.0039730551672299
906,2016-03-23,0.022407896382105053
907,2016-03-24,0.008349420946458075
908,2016-03-25,-0.0004050168137341714
909,2016-03-28,-0.017380371580896226
910,2016-03-29,0.009190939472919268
911,2016-03-30,-0.01594632464472734
912,2016-03-31,-0.018005929970890344
913,2016-04-01,-0.0025384303575577416
914,2016-04-04,0.01635799177519881
915,2016-04-05,0.018306706453652843
916,2016-04-06,-0.003306149438285999
917,2016-04-07,0.015425866690307988
918,2016-04-08,-0.022291573499399142
919,2016-04-11,-0.0315780352883106
920,2016-04-12,0.010186845306993098
921,2016-04-13,0.002418244858701568
922,2016-04-14,-0.016166601160173766
923,2016-04-15,0.009290235433400573
924,2016-04-18,0.01724204813484853
925,2016-04-19,-0.015603213036058827
926,2016-04-20,0.0006773538303685989
927,2016-04-21,0.0
928,2016-04-22,0.011780020668082258
929,2016-04-25,-0.010708481214681376
930,2016-04-26,-0.006021134500125536
931,2016-04-27,0.0030009648250703957
932,2016-04-28,-0.015698551713405173
933,2016-04-29,-0.00798608848649307
934,2016-05-02,0.014454897717095516
935,2016-05-03,0.01702963278787184
936,2016-05-04,-0.008818076325096458
937,2016-05-05,-0.002237992973650238
938,2016-05-06,-0.00014181379872013622
939,2016-05-09,0.008614047474699849
940,2016-05-10,-0.02327208096597211
941,2016-05-11,-0.004269073058000172
942,2016-05-12,0.010009287430521319
943,2016-05-13,0.0037990819362716532
944,2016-05-16,-0.001169607459069022
945,2016-05-17,-0.0026294744772026313
946,2016-05-18,0.009286493172527832
947,2016-05-19,0.021958565372491634
948,2016-05-20,-0.018618340906461306
949,2016-05-23,0.01031792001236398
950,2016-05-24,-0.006594571470771582
951,2016-05-25,0.015477330886379592
952,2016-05-26,-0.008267615676268436
953,2016-05-27,0.009652772558957246
954,2016-05-30,
955,2016-05-31,
956,2016-06-01,-0.001220459488005643
957,2016-06-02,-0.0014442842195074856
958,2016-06-03,-0.018118571657608662
959,2016-06-06,-0.006758893193942184
960,2016-06-07,-0.01406089337081573
961,2016-06-08,-0.024396447920651543
962,2016-06-09,0.004844627223271392
963,2016-06-10,0.010669581813207651
964,2016-06-13,0.008737736477955949
965,2016-06-14,0.01035116634732458
966,2016-06-15,-0.007004076053999331
967,2016-06-16,0.006803821443898128
968,2016-06-17,-0.018801183383274855
969,2016-06-20,-0.010668643645246112
970,2016-06-21,0.002971682951871335
971,2016-06-22,-0.007194275634027081
972,2016-06-23,-0.010530483721957307
973,2016-06-24,0.01351472266642828
974,2016-06-27,0.0038280376546007133
975,2016-06-28,-0.028348073309525157
976,2016-06-29,-0.021021244576725495
977,2016-06-30,-0.01189658224580925
978,2016-07-01,0.01380915956324813
979,2016-07-04,
980,2016-07-05,
981,2016-07-06,0.007645736162135597
982,2016-07-07,0.006571370773636787
983,2016-07-08,-0.018138144193973638
984,2016-07-11,0.00788719392795012
985,2016-07-12,-0.010784641627897162
986,2016-07-13,0.004723098594972219
987,2016-07-14,-0.016706649591051503
988,2016-07-15,0.011708620108917156
989,2016-07-18,-0.006375109708562476
990,2016-07-19,0.00707756068041121
991,2016-07-20,-0.008770103128746376
992,2016-07-21,0.0068754107549542365
993,2016-07-22,0.005003977000374027
994,2016-07-25,0.00042601102187056483
995,2016-07-26,-0.003046924965404818
996,2016-07-27,0.002955652166156897
997,2016-07-28,-0.003963178164646974
998,2016-07-29,-0.010964988462744074
999,2016-08-01,0.008303907472951177
1000,2016-08-02,-0.00395882120810831
1001,2016-08-03,0.0022728678621708465
1002,2016-08-04,-0.018422999576776178
1003,2016-08-05,-0.003976646387731542
1004,2016-08-08,-0.0010044888938274266
1005,2016-08-09,-0.016338266736035667
1006,2016-08-10,-0.0010540269592977936
1007,2016-08-11,0.0024576702815972684
1008,2016-08-12,0.008854811335870183
1009,2016-08-15,0.0021778593000127966
1010,2016-08-16,0.002047277050130303
1011,2016-08-17,0.015330875555118917
1012,2016-08-18,0.0005266174246203459
1013,2016-08-19,-0.002201244126216917
1014,2016-08-22,-0.00031042404173042826
1015,2016-08-23,-0.00040369537074935735
1016,2016-08-24,0.005080870958803718
1017,2016-08-25,-0.00213453855929413
1018,2016-08-26,-0.006399922428518279
1019,2016-08-29,0.010880285879832252
1020,2016-08-30,0.002740107316258067
1021,2016-08-31,-0.0016924382838143792
1022,2016-09-01,-0.0003080240283093172
1023,2016-09-02,0.0006159532070320051
1024,2016-09-05,
1025,2016-09-06,
1026,2016-09-07,0.00018621973983057316
1027,2016-09-08,-0.008132786121102464
1028,2016-09-09,0.022429748178121045
1029,2016-09-12,0.002291861841401177
1030,2016-09-13,0.011592397592661285
1031,2016-09-14,0.0015676819611007975
1032,2016-09-15,0.0023469245013494344
1033,2016-09-16,-0.010604809568618645
1034,2016-09-19,-0.010933409670567551
1035,2016-09-20,0.0020859543132252245
1036,2016-09-21,-0.007381696238052182
1037,2016-09-22,-0.009335572182128216
1038,2016-09-23,0.005531228172460878
1039,2016-09-26,0.002321443432078407
1040,2016-09-27,0.0005872444496444196
1041,2016-09-28,0.003208294953335855
1042,2016-09-29,-0.005931068912669035
1043,2016-09-30,0.004883335310922554
1044,2016-10-03,-0.0031188747934010053
1045,2016-10-04,0.00018555170760814477
1046,2016-10-05,-0.00040207222377275365
1047,2016-10-06,-0.0005260308004024772
1048,2016-10-07,-0.00040244563657498844
1049,2016-10-10,
1050,2016-10-11,
1051,2016-10-12,0.0
1052,2016-10-13,-0.00377529660118725
1053,2016-10-14,-0.0004690064965202634
1054,2016-10-17,0.00031269543719480986
1055,2016-10-18,-0.006209641730973603
1056,2016-10-19,-0.0034665356786405255
1057,2016-10-20,-0.004080669956742611
1058,2016-10-21,0.0013304192782495061
1059,2016-10-24,-0.010661251430218233
1060,2016-10-25,-0.003621972964542808
1061,2016-10-26,0.005699480703369675
1062,2016-10-27,0.005540180375615211
1063,2016-10-28,0.010706436061345359
1064,2016-10-31,-0.005512606296016465
1065,2016-11-01,0.021375813892205553
1066,2016-11-02,0.0006799987898411519
1067,2016-11-03,0.0006795367056857682
1068,2016-11-04,0.0007716407006643777
1069,2016-11-07,-0.013449704988714783
1070,2016-11-08,-0.005550430530649075
1071,2016-11-09,0.011318987709632689
1072,2016-11-10,0.04528548162069024
1073,2016-11-11,
1074,2016-11-14,
1075,2016-11-15,-0.00017400382852317264
1076,2016-11-16,-0.008183280228330148
1077,2016-11-17,-0.001873207829836021
1078,2016-11-18,-0.007055947425385289
1079,2016-11-21,-0.009158468852352275
1080,2016-11-22,0.0002977076532855172
1081,2016-11-23,0.01036432138149701
1082,2016-11-24,
1083,2016-11-25,
1084,2016-11-28,-0.010514046928787213
1085,2016-11-29,0.00412481065664938
1086,2016-11-30,-0.004626840936665655
1087,2016-12-01,0.02517231976211698
1088,2016-12-02,-0.004069680764492434
1089,2016-12-05,-0.0076063656032958615
1090,2016-12-06,-0.0013122787413144543
1091,2016-12-07,-0.008557330301461663
1092,2016-12-08,-0.005282195977826198
1093,2016-12-09,-0.006024382768518688
1094,2016-12-12,-0.002682564946979271
1095,2016-12-13,-0.005897073051561064
1096,2016-12-14,0.0007202881463874711
1097,2016-12-15,0.017870095697393396
1098,2016-12-16,-0.002153615512364482
1099,2016-12-19,-0.003994974611169599
1100,2016-12-20,-0.0027911414283907643
1101,2016-12-21,-0.008840364595405603
1102,2016-12-22,-0.00547468579526833
1103,2016-12-23,-0.01415576493371673
1104,2016-12-26,
1105,2016-12-27,
1106,2016-12-28,0.0009142161234032553
1107,2016-12-29,-0.011457405609355265
1108,2016-12-30,0.0023388944003828183
1109,2017-01-02,
1110,2017-01-03,
1111,2017-01-04,-0.011969523557725292
1112,2017-01-05,-0.002741861820550806
1113,2017-01-06,0.0019325484476084842
1114,2017-01-09,-0.00615348112955405
1115,2017-01-10,0.001721790460894157
1116,2017-01-11,0.0016563797833437643
1117,2017-01-12,-0.006359172498829446
1118,2017-01-13,0.008012813224481219
1119,2017-01-16,
1120,2017-01-17,
1121,2017-01-18,0.005130688037882525
1122,2017-01-19,-0.0067843287635342975
1123,2017-01-20,
1124,2017-01-23,
1125,2017-01-24,0.00031555696064966554
1126,2017-01-25,6.309944474569562e-05
1127,2017-01-26,0.0061331554593735405
1128,2017-01-27,-0.011193734940645683
1129,2017-01-30,-0.012283011069759597
1130,2017-01-31,0.010378671775871151
1131,2017-02-01,0.0016823531512544232
1132,2017-02-02,-0.00908011017592436
1133,2017-02-03,-0.002820424292014456
1134,2017-02-06,0.000769995867233142
1135,2017-02-07,0.0017303259892695877
1136,2017-02-08,-0.0014417303258213998
1137,2017-02-09,0.003232985642759756
1138,2017-02-10,-0.0063799648944984355
1139,2017-02-13,0.0004501752543950577
1140,2017-02-14,-0.00102926995255892
1141,2017-02-15,-0.016777664729505037
1142,2017-02-16,0.00610106132223831
1143,2017-02-17,0.009517406986890409
1144,2017-02-20,
1145,2017-02-21,
1146,2017-02-22,-0.004991097705129066
1147,2017-02-23,-0.004330632103964893
1148,2017-02-24,0.015477578754492738
1149,2017-02-27,-0.0012217079708869427
1150,2017-02-28,0.0
1151,2017-03-01,-0.0018353650926759002
1152,2017-03-02,0.007577253231747294
1153,2017-03-03,0.0038627959091228625
1154,2017-03-06,-0.0053352202332737075
1155,2017-03-07,0.00012812299825348816
1156,2017-03-08,0.009721347017094262
1157,2017-03-09,0.004967500050464091
1158,2017-03-10,-0.004174843181808496
1159,2017-03-13,-0.0008878179288216437
1160,2017-03-14,0.0020914543225907245
1161,2017-03-15,-0.0004432764534478828
1162,2017-03-16,-0.012171569730912157
1163,2017-03-17,-0.004304950909092886
1164,2017-03-20,-0.008016593229821511
1165,2017-03-21,0.0009083242044094497
1166,2017-03-22,0.0007455067359849465
1167,2017-03-23,0.015592413759504264
1168,2017-03-24,-0.006528858882463462
1169,2017-03-27,0.0017003260380508145
1170,2017-03-28,0.003232261394774838
1171,2017-03-29,-0.003937706174879985
1172,2017-03-30,0.0008977524730053865
1173,2017-03-31,0.013528560169574932
1174,2017-04-03,-0.014169729684695653
1175,2017-04-04,-0.001155142114649843
1176,2017-04-05,-0.0069266856625460616
1177,2017-04-06,0.004998478618489344
1178,2017-04-07,0.005485618054723362
1179,2017-04-10,0.005901039436148281
1180,2017-04-11,0.000413361108605903
1181,2017-04-12,0.0020007946333209237
1182,2017-04-13,-0.006684942447551689
1183,2017-04-14,0.004334391844941443
1184,2017-04-17,-0.013092166963763807
1185,2017-04-18,-0.0012573954230292728
1186,2017-04-19,0.012885619664645409
1187,2017-04-20,0.002131552544912596
1188,2017-04-21,0.0002859821121792283
1189,2017-04-24,-0.007046211939301328
1190,2017-04-25,0.01319091643729986
1191,2017-04-26,0.009178125091559908
1192,2017-04-27,-0.002945417934385297
1193,2017-04-28,0.0009096184934700435
1194,2017-05-01,-0.0042729737001190315
1195,2017-05-02,-0.0023642536034547135
1196,2017-05-03,-0.007666999919330175
1197,2017-05-04,0.01201291593621856
1198,2017-05-05,-0.0037779851629784478
1199,2017-05-08,0.009418334776079673
1200,2017-05-09,-0.005797481022421946
1201,2017-05-10,-0.009060978502817285
1202,2017-05-11,-0.0011741373820128853
1203,2017-05-12,-0.009154622873132956
1204,2017-05-15,-0.005075826883387702
1205,2017-05-16,-0.004713335172030986
1206,2017-05-17,0.0036176918554149395
1207,2017-05-18,0.08667008601964366
1208,2017-05-19,-0.032390765774707786
1209,2017-05-22,0.006301678463762617
1210,2017-05-23,-0.006790422096914606
1211,2017-05-24,0.0005498197951450123
1212,2017-05-25,0.004053215355969142
1213,2017-05-26,-0.009319447177070339
1214,2017-05-29,
1215,2017-05-30,
1216,2017-05-31,-0.0075627512450999745
1217,2017-06-01,-0.0002160393817332018
1218,2017-06-02,-0.00021608606483303205
1219,2017-06-05,0.015470463399586798
1220,2017-06-06,-0.0025262915017179033
1221,2017-06-07,-0.0007011874744251578
1222,2017-06-08,0.0009754314008791898
1223,2017-06-09,-0.000883944277627835
1224,2017-06-12,0.009227565854572184
1225,2017-06-13,0.0008456404720058597
1226,2017-06-14,-0.011018977123946838
1227,2017-06-15,-0.0006717352394505216
1228,2017-06-16,0.004814293706977502
1229,2017-06-19,0.00030392365671749744
1230,2017-06-20,0.011601338577164721
1231,2017-06-21,-0.00027037176281852204
1232,2017-06-22,0.0005406704445056754
1233,2017-06-23,-0.0006007629870392606
1234,2017-06-26,-0.005272128740522852
1235,2017-06-27,0.0026847273331489507
1236,2017-06-28,-0.006588913397905349
1237,2017-06-29,0.0025742378576030234
1238,2017-06-30,-0.00015124245707065498
1239,2017-07-03,-0.0017257827072694187
1240,2017-07-04,
1241,2017-07-05,
1242,2017-07-06,-0.0034435919847173313
1243,2017-07-07,-0.006222417672832714
1244,2017-07-10,-0.006598465975713674
1245,2017-07-11,-0.003746242789484988
1246,2017-07-12,-0.007627849161441436
1247,2017-07-13,-0.003882535044388513
1248,2017-07-14,-0.009411466325974782
1249,2017-07-17,-0.0006913673635746687
1250,2017-07-18,-0.007541728051383423
1251,2017-07-19,-0.0014263755053187666
1252,2017-07-20,-0.004833077770302063
1253,2017-07-21,-0.004984672897827114
1254,2017-07-24,0.008135183881236685
1255,2017-07-25,0.004564915202451392
1256,2017-07-26,-0.0006644203177368357
1257,2017-07-27,-0.002186208750603491
1258,2017-07-28,-0.003272389379513907
1259,2017-07-31,-0.002740513489838614
1260,2017-08-01,-0.006241917802998653
1261,2017-08-02,0.0007061693815959558
1262,2017-08-03,0.0014108444960538868
1263,2017-08-04,-0.0010579467204596682
1264,2017-08-07,0.0022748035377073705
1265,2017-08-08,0.0015349688025492192
1266,2017-08-09,0.006465711375724048
1267,2017-08-10,0.0006347594474906959
1268,2017-08-11,0.003831725637528205
1269,2017-08-14,0.0038170995415272024
1270,2017-08-15,0.00571412185518283
1271,2017-08-16,-0.009657655635270102
1272,2017-08-17,-0.0015817782481839515
1273,2017-08-18,-0.0011721288149193487
1274,2017-08-21,-0.0035564625318158516
1275,2017-08-22,0.0021925303900902637
1276,2017-08-23,0.0005077269807292062
1277,2017-08-24,-0.0029547750611729207
1278,2017-08-25,0.0011130369564269493
1279,2017-08-28,0.003616755211570233
1280,2017-08-29,0.002498696601550998
1281,2017-08-30,-0.0020237800987750187
1282,2017-08-31,-0.004377762915814598
1283,2017-09-01,-0.0046525051259420636
1284,2017-09-04,
1285,2017-09-05,
1286,2017-09-06,-0.004653783573686399
1287,2017-09-07,-0.003060815921643867
1288,2017-09-08,-0.0015500875027800731
1289,2017-09-11,-0.0016819773663865334
1290,2017-09-12,0.0065502065344544835
1291,2017-09-13,0.008933061885475047
1292,2017-09-14,-0.0026172176696290794
1293,2017-09-15,-0.0008632680023907824
1294,2017-09-18,0.0007993477748129418
1295,2017-09-19,0.0010222336693894718
1296,2017-09-20,-0.0039028809259256114
1297,2017-09-21,0.005115427741581913
1298,2017-09-22,-0.003226066840102293
1299,2017-09-25,0.007617202543279911
1300,2017-09-26,0.006550759987953736
1301,2017-09-27,0.006664805078630431
1302,2017-09-28,-0.0015678899417630454
1303,2017-09-29,-0.007086085866804259
1304,2017-10-02,-0.0017398185487895734
1305,2017-10-03,-0.004983109037088651
1306,2017-10-04,-0.00609592568316919
1307,2017-10-05,0.0038980175882739054
1308,2017-10-06,0.006579284758045478
1309,2017-10-09,
1310,2017-10-10,
1311,2017-10-11,-0.003091680171019018
1312,2017-10-12,0.0015785821299174607
1313,2017-10-13,-0.004965143578966602
1314,2017-10-16,0.003165360961506103
1315,2017-10-17,0.005075272932198116
1316,2017-10-18,-0.0008178672994429981
1317,2017-10-19,-0.0007555485956780572
1318,2017-10-20,0.003834794414641074
1319,2017-10-23,0.007719150162115218
1320,2017-10-24,0.011945059250252799
1321,2017-10-25,0.00033832100834807477
1322,2017-10-26,0.00033820658595384856
1323,2017-10-27,0.00615990057056659
1324,2017-10-30,-0.0040410280002733945
1325,2017-10-31,0.0032463583576227695
1326,,
